2022 NAICS,2017 NAICS,BEA_Detail,BEA_Summary
111110,111110,1111A0,111CA
111120,111120,1111A0,111CA
111130,111130,1111B0,111CA
111140,111140,1111B0,111CA
111150,111150,1111B0,111CA
111160,111160,1111B0,111CA
111191,111191,1111B0,111CA
111199,111199,1111B0,111CA
111211,111211,111200,111CA
111219,111219,111200,111CA
111310,111310,111300,111CA
111320,111320,111300,111CA
111331,111331,111300,111CA
111332,111332,111300,111CA
111333,111333,111300,111CA
111334,111334,111300,111CA
111335,111335,111300,111CA
111336,111336,111300,111CA
111339,111339,111300,111CA
111411,111411,111400,111CA
111419,111419,111400,111CA
111421,111421,111400,111CA
111422,111422,111400,111CA
111910,111910,111900,111CA
111920,111920,111900,111CA
111930,111930,111900,111CA
111940,111940,111900,111CA
111991,111991,111900,111CA
111992,111992,111900,111CA
111998,111998,111900,111CA
112111,112111,1121A0,111CA
112112,112112,1121A0,111CA
112120,112120,112120,111CA
112130,112130,1121A0,111CA
112210,112210,112A00,111CA
112310,112310,112300,111CA
112320,112320,112300,111CA
112330,112330,112300,111CA
112340,112340,112300,111CA
112390,112390,112300,111CA
112410,112410,112A00,111CA
112420,112420,112A00,111CA
112511,112511,112A00,111CA
112512,112512,112A00,111CA
112519,112519,112A00,111CA
112910,112910,112A00,111CA
112920,112920,112A00,111CA
112930,112930,112A00,111CA
112990,112990,112A00,111CA
113110,113110,113000,113FF
113210,113210,113000,113FF
113310,113310,113000,113FF
114111,114111,114000,113FF
114112,114112,114000,113FF
114119,114119,114000,113FF
114210,114210,114000,113FF
115111,115111,115000,113FF
115112,115112,115000,113FF
115113,115113,115000,113FF
115114,115114,115000,113FF
115115,115115,115000,113FF
115116,115116,115000,113FF
115210,115210,115000,113FF
115310,115310,115000,113FF
211120,211120,211000,211
211130,211130,211000,211
212114,212111,212100,212
212114,212113,212100,212
212115,212112,212100,212
212115,212113,212100,212
212210,212210,2122A0,212
212220,212221,2122A0,212
212220,212222,2122A0,212
212230,212230,212230,212
212290,212291,2122A0,212
212290,212299,2122A0,212
212311,212311,212310,212
212312,212312,212310,212
212313,212313,212310,212
212319,212319,212310,212
212321,212321,2123A0,212
212322,212322,2123A0,212
212323,212324,2123A0,212
212323,212325,2123A0,212
212390,212391,2123A0,212
212390,212392,2123A0,212
212390,212393,2123A0,212
212390,212399,2123A0,212
213111,213111,213111,213
213112,213112,21311A,213
213113,213113,21311A,213
213114,213114,21311A,213
213115,213115,21311A,213
221111,221111,221100,22
221112,221112,221100,22
221113,221113,221100,22
221114,221114,221100,22
221115,221115,221100,22
221116,221116,221100,22
221117,221117,221100,22
221118,221118,221100,22
221121,221121,221100,22
221122,221122,221100,22
221210,221210,221200,22
221310,221310,221300,22
221320,221320,221300,22
221330,221330,221300,22
236115,236115,233411,23
236116,236116,233412,23
236117,236117,233411,23
236117,236117,233412,23
236117,236117,2334A0,23
236118,236118,230302,23
236210,236210,230301,23
236210,236210,233230,23
236220,236220,230301,23
236220,236220,233210,23
236220,236220,233262,23
236220,236220,2332A0,23
237110,237110,233240,23
237120,237120,233240,23
237130,237130,233240,23
237210,237210,233210,23
237210,237210,233230,23
237210,237210,233240,23
237210,237210,233262,23
237210,237210,2332A0,23
237210,237210,2332C0,23
237210,237210,2332D0,23
237210,237210,233411,23
237210,237210,233412,23
237210,237210,2334A0,23
237310,237310,2332C0,23
237990,237990,2332D0,23
238110,238110,230301,23
238110,238110,230302,23
238110,238110,233210,23
238110,238110,233230,23
238110,238110,233240,23
238110,238110,233262,23
238110,238110,2332A0,23
238110,238110,2332D0,23
238110,238110,233411,23
238110,238110,233412,23
238110,238110,2334A0,23
238120,238120,230301,23
238120,238120,230302,23
238120,238120,233210,23
238120,238120,233230,23
238120,238120,233240,23
238120,238120,233262,23
238120,238120,2332A0,23
238120,238120,2332D0,23
238120,238120,233411,23
238120,238120,233412,23
238120,238120,2334A0,23
238130,238130,230301,23
238130,238130,230302,23
238130,238130,233210,23
238130,238130,233230,23
238130,238130,233240,23
238130,238130,233262,23
238130,238130,2332A0,23
238130,238130,2332D0,23
238130,238130,233411,23
238130,238130,233412,23
238130,238130,2334A0,23
238140,238140,230301,23
238140,238140,230302,23
238140,238140,233210,23
238140,238140,233230,23
238140,238140,233240,23
238140,238140,233262,23
238140,238140,2332A0,23
238140,238140,2332D0,23
238140,238140,233411,23
238140,238140,233412,23
238140,238140,2334A0,23
238150,238150,230301,23
238150,238150,230302,23
238150,238150,233210,23
238150,238150,233230,23
238150,238150,233240,23
238150,238150,233262,23
238150,238150,2332A0,23
238150,238150,2332D0,23
238150,238150,233411,23
238150,238150,233412,23
238150,238150,2334A0,23
238160,238160,230301,23
238160,238160,230302,23
238160,238160,233210,23
238160,238160,233230,23
238160,238160,233240,23
238160,238160,233262,23
238160,238160,2332A0,23
238160,238160,2332D0,23
238160,238160,233411,23
238160,238160,233412,23
238160,238160,2334A0,23
238170,238170,230301,23
238170,238170,230302,23
238170,238170,233210,23
238170,238170,233230,23
238170,238170,233240,23
238170,238170,233262,23
238170,238170,2332A0,23
238170,238170,2332D0,23
238170,238170,233411,23
238170,238170,233412,23
238170,238170,2334A0,23
238190,238190,230301,23
238190,238190,230302,23
238190,238190,233210,23
238190,238190,233230,23
238190,238190,233240,23
238190,238190,233262,23
238190,238190,2332A0,23
238190,238190,2332D0,23
238190,238190,233411,23
238190,238190,233412,23
238190,238190,2334A0,23
238210,238210,230301,23
238210,238210,230302,23
238210,238210,233210,23
238210,238210,233230,23
238210,238210,233240,23
238210,238210,233262,23
238210,238210,2332A0,23
238210,238210,2332D0,23
238210,238210,233411,23
238210,238210,233412,23
238210,238210,2334A0,23
238220,238220,230301,23
238220,238220,230302,23
238220,238220,233210,23
238220,238220,233230,23
238220,238220,233240,23
238220,238220,233262,23
238220,238220,2332A0,23
238220,238220,2332D0,23
238220,238220,233411,23
238220,238220,233412,23
238220,238220,2334A0,23
238290,238290,230301,23
238290,238290,230302,23
238290,238290,233210,23
238290,238290,233230,23
238290,238290,233240,23
238290,238290,233262,23
238290,238290,2332A0,23
238290,238290,2332D0,23
238290,238290,233411,23
238290,238290,233412,23
238290,238290,2334A0,23
238310,238310,230301,23
238310,238310,230302,23
238310,238310,233210,23
238310,238310,233230,23
238310,238310,233240,23
238310,238310,233262,23
238310,238310,2332A0,23
238310,238310,2332D0,23
238310,238310,233411,23
238310,238310,233412,23
238310,238310,2334A0,23
238320,238320,230301,23
238320,238320,230302,23
238320,238320,233210,23
238320,238320,233230,23
238320,238320,233240,23
238320,238320,233262,23
238320,238320,2332A0,23
238320,238320,2332D0,23
238320,238320,233411,23
238320,238320,233412,23
238320,238320,2334A0,23
238330,238330,230301,23
238330,238330,230302,23
238330,238330,233210,23
238330,238330,233230,23
238330,238330,233240,23
238330,238330,233262,23
238330,238330,2332A0,23
238330,238330,2332D0,23
238330,238330,233411,23
238330,238330,233412,23
238330,238330,2334A0,23
238340,238340,230301,23
238340,238340,230302,23
238340,238340,233210,23
238340,238340,233230,23
238340,238340,233240,23
238340,238340,233262,23
238340,238340,2332A0,23
238340,238340,2332D0,23
238340,238340,233411,23
238340,238340,233412,23
238340,238340,2334A0,23
238350,238350,230301,23
238350,238350,230302,23
238350,238350,233210,23
238350,238350,233230,23
238350,238350,233240,23
238350,238350,233262,23
238350,238350,2332A0,23
238350,238350,2332D0,23
238350,238350,233411,23
238350,238350,233412,23
238350,238350,2334A0,23
238390,238390,230301,23
238390,238390,230302,23
238390,238390,233210,23
238390,238390,233230,23
238390,238390,233240,23
238390,238390,233262,23
238390,238390,2332A0,23
238390,238390,2332D0,23
238390,238390,233411,23
238390,238390,233412,23
238390,238390,2334A0,23
238910,238910,230301,23
238910,238910,230302,23
238910,238910,233210,23
238910,238910,233230,23
238910,238910,233240,23
238910,238910,233262,23
238910,238910,2332A0,23
238910,238910,2332D0,23
238910,238910,233411,23
238910,238910,233412,23
238910,238910,2334A0,23
238990,238990,230301,23
238990,238990,230302,23
238990,238990,233210,23
238990,238990,233230,23
238990,238990,233240,23
238990,238990,233262,23
238990,238990,2332A0,23
238990,238990,2332D0,23
238990,238990,233411,23
238990,238990,233412,23
238990,238990,2334A0,23
311111,311111,311111,311FT
311119,311119,311119,311FT
311211,311211,311210,311FT
311212,311212,311210,311FT
311213,311213,311210,311FT
311221,311221,311221,311FT
311224,311224,311224,311FT
311225,311225,311225,311FT
311230,311230,311230,311FT
311313,311313,311300,311FT
311314,311314,311300,311FT
311340,311340,311300,311FT
311351,311351,311300,311FT
311352,311352,311300,311FT
311411,311411,311410,311FT
311412,311412,311410,311FT
311421,311421,311420,311FT
311422,311422,311420,311FT
311423,311423,311420,311FT
311511,311511,31151A,311FT
311512,311512,31151A,311FT
311513,311513,311513,311FT
311514,311514,311514,311FT
311520,311520,311520,311FT
311611,311611,31161A,311FT
311612,311612,31161A,311FT
311613,311613,31161A,311FT
311615,311615,311615,311FT
311710,311710,311700,311FT
311811,311811,311810,311FT
311812,311812,311810,311FT
311813,311813,311810,311FT
311821,311821,3118A0,311FT
311824,311824,3118A0,311FT
311830,311830,3118A0,311FT
311911,311911,311910,311FT
311919,311919,311910,311FT
311920,311920,311920,311FT
311930,311930,311930,311FT
311941,311941,311940,311FT
311942,311942,311940,311FT
311991,311991,311990,311FT
311999,311999,311990,311FT
312111,312111,312110,311FT
312112,312112,312110,311FT
312113,312113,312110,311FT
312120,312120,312120,311FT
312130,312130,312130,311FT
312140,312140,312140,311FT
312230,312230,312200,311FT
313110,313110,313100,313TT
313210,313210,313200,313TT
313220,313220,313200,313TT
313230,313230,313200,313TT
313240,313240,313200,313TT
313310,313310,313300,313TT
313320,313320,313300,313TT
314110,314110,314110,313TT
314120,314120,314120,313TT
314910,314910,314900,313TT
314994,314994,314900,313TT
314999,314999,314900,313TT
315120,315110,315000,315AL
315120,315190,315000,315AL
315210,315210,315000,315AL
315250,315220,315000,315AL
315250,315240,315000,315AL
315250,315280,315000,315AL
315990,315990,315000,315AL
316110,316110,316000,315AL
316210,316210,316000,315AL
316990,316992,316000,315AL
316990,316998,316000,315AL
321113,321113,321100,321
321114,321114,321100,321
321211,321211,321200,321
321212,321212,321200,321
321215,321213,321200,321
321215,321214,321200,321
321219,321219,321200,321
321911,321911,321910,321
321912,321912,321910,321
321918,321918,321910,321
321920,321920,3219A0,321
321991,321991,3219A0,321
321992,321992,3219A0,321
321999,321999,3219A0,321
322110,322110,322110,322
322120,322121,322120,322
322120,322122,322120,322
322130,322130,322130,322
322211,322211,322210,322
322212,322212,322210,322
322219,322219,322210,322
322220,322220,322220,322
322230,322230,322230,322
322291,322291,322291,322
322299,322299,322299,322
323111,323111,323110,323
323113,323113,323110,323
323117,323117,323110,323
323120,323120,323120,323
324110,324110,324110,324
324121,324121,324121,324
324122,324122,324122,324
324191,324191,324190,324
324199,324199,324190,324
325110,325110,325110,325
325120,325120,325120,325
325130,325130,325130,325
325180,325180,325180,325
325193,325193,325190,325
325194,325194,325190,325
325199,325199,325190,325
325211,325211,325211,325
325212,325212,3252A0,325
325220,325220,3252A0,325
325311,325311,325310,325
325312,325312,325310,325
325314,325314,325310,325
325315,325314,325310,325
325320,325320,325320,325
325411,325411,325411,325
325412,325412,325412,325
325413,325413,325413,325
325414,325414,325414,325
325510,325510,325510,325
325520,325520,325520,325
325611,325611,325610,325
325612,325612,325610,325
325613,325613,325610,325
325620,325620,325620,325
325910,325910,325910,325
325920,325920,3259A0,325
325991,325991,3259A0,325
325992,325992,3259A0,325
325998,325998,3259A0,325
326111,326111,326110,326
326112,326112,326110,326
326113,326113,326110,326
326121,326121,326120,326
326122,326122,326120,326
326130,326130,326130,326
326140,326140,326140,326
326150,326150,326150,326
326160,326160,326160,326
326191,326191,326190,326
326199,326199,326190,326
326211,326211,326210,326
326212,326212,326210,326
326220,326220,326220,326
326291,326291,326290,326
326299,326299,326290,326
327110,327110,327100,327
327120,327120,327100,327
327211,327211,327200,327
327212,327212,327200,327
327213,327213,327200,327
327215,327215,327200,327
327310,327310,327310,327
327320,327320,327320,327
327331,327331,327330,327
327332,327332,327330,327
327390,327390,327390,327
327410,327410,327400,327
327420,327420,327400,327
327910,327910,327910,327
327991,327991,327991,327
327992,327992,327992,327
327993,327993,327993,327
327999,327999,327999,327
331110,331110,331110,331
331210,331210,331200,331
331221,331221,331200,331
331222,331222,331200,331
331313,331313,331313,331
331314,331314,331314,331
331315,331315,33131B,331
331318,331318,33131B,331
331410,331410,331410,331
331420,331420,331420,331
331491,331491,331490,331
331492,331492,331490,331
331511,331511,331510,331
331512,331512,331510,331
331513,331513,331510,331
331523,331523,331520,331
331524,331524,331520,331
331529,331529,331520,331
332111,332111,33211A,332
332112,332112,33211A,332
332114,332114,332114,332
332117,332117,33211A,332
332119,332119,332119,332
332215,332215,332200,332
332216,332216,332200,332
332311,332311,332310,332
332312,332312,332310,332
332313,332313,332310,332
332321,332321,332320,332
332322,332322,332320,332
332323,332323,332320,332
332410,332410,332410,332
332420,332420,332420,332
332431,332431,332430,332
332439,332439,332430,332
332510,332510,332500,332
332613,332613,332600,332
332618,332618,332600,332
332710,332710,332710,332
332721,332721,332720,332
332722,332722,332720,332
332811,332811,332800,332
332812,332812,332800,332
332813,332813,332800,332
332911,332911,33291A,332
332912,332912,33291A,332
332913,332913,332913,332
332919,332919,33291A,332
332991,332991,332991,332
332992,332992,33299A,332
332993,332993,33299A,332
332994,332994,33299A,332
332996,332996,332996,332
332999,332999,332999,332
333111,333111,333111,333
333112,333112,333112,333
333120,333120,333120,333
333131,333131,333130,333
333132,333132,333130,333
333241,333241,33329A,333
333242,333242,333242,333
333243,333243,33329A,333
333248,333244,33329A,333
333248,333249,33329A,333
333310,333314,333314,333
333310,333316,333316,333
333310,333318,333318,333
333413,333413,333413,333
333414,333414,333414,333
333415,333415,333415,333
333511,333511,333511,333
333514,333514,333514,333
333515,333515,33351B,333
333517,333517,333517,333
333519,333519,33351B,333
333611,333611,333611,333
333612,333612,333612,333
333613,333613,333613,333
333618,333618,333618,333
333912,333912,333912,333
333914,333914,333914,333
333921,333921,333920,333
333922,333922,333920,333
333923,333923,333920,333
333924,333924,333920,333
333991,333991,333991,333
333992,333992,33399A,333
333993,333993,333993,333
333994,333994,333994,333
333995,333995,33399B,333
333996,333996,33399B,333
333998,333997,33399A,333
333998,333999,33399A,333
334111,334111,334111,334
334112,334112,334112,334
334118,334118,334118,334
334210,334210,334210,334
334220,334220,334220,334
334290,334290,334290,334
334310,334310,334300,334
334412,334412,33441A,334
334413,334413,334413,334
334416,334416,33441A,334
334417,334417,33441A,334
334418,334418,334418,334
334419,334419,33441A,334
334510,334510,334510,334
334511,334511,334511,334
334512,334512,334512,334
334513,334513,334513,334
334514,334514,334514,334
334515,334515,334515,334
334516,334516,334516,334
334517,334517,334517,334
334519,334519,33451A,334
334610,334613,334610,334
334610,334614,334610,334
335131,335121,335120,335
335132,335122,335120,335
335139,335110,335110,335
335139,335129,335120,335
335210,335210,335210,335
335220,335220,335220,335
335311,335311,335311,335
335312,335312,335312,335
335313,335313,335313,335
335314,335314,335314,335
335910,335911,335911,335
335910,335912,335912,335
335921,335921,335920,335
335929,335929,335920,335
335931,335931,335930,335
335932,335932,335930,335
335991,335991,335991,335
335999,335999,335999,335
336110,336111,336111,3361MV
336110,336112,336112,3361MV
336120,336120,336120,3361MV
336211,336211,336211,3361MV
336212,336212,336212,3361MV
336213,336213,336213,3361MV
336214,336214,336214,3361MV
336310,336310,336310,3361MV
336320,336320,336320,3361MV
336330,336330,3363A0,3361MV
336340,336340,3363A0,3361MV
336350,336350,336350,3361MV
336360,336360,336360,3361MV
336370,336370,336370,3361MV
336390,336390,336390,3361MV
336411,336411,336411,3364OT
336412,336412,336412,3364OT
336413,336413,336413,3364OT
336414,336414,336414,3364OT
336415,336415,33641A,3364OT
336419,336419,33641A,3364OT
336510,336510,336500,3364OT
336611,336611,336611,3364OT
336612,336612,336612,3364OT
336991,336991,336991,3364OT
336992,336992,336992,3364OT
336999,336999,336999,3364OT
337110,337110,337110,337
337121,337121,337121,337
337122,337122,337122,337
337126,337124,33712N,337
337126,337125,33712N,337
337127,337127,337127,337
337211,337211,33721A,337
337212,337212,33721A,337
337214,337214,33721A,337
337215,337215,337215,337
337910,337910,337900,337
337920,337920,337900,337
339112,339112,339112,339
339113,339113,339113,339
339114,339114,339114,339
339115,339115,339115,339
339116,339116,339116,339
339910,339910,339910,339
339920,339920,339920,339
339930,339930,339930,339
339940,339940,339940,339
339950,339950,339950,339
339991,339991,339990,339
339992,339992,339990,339
339993,339993,339990,339
339994,339994,339990,339
339995,339995,339990,339
339999,339999,339990,339
423110,423110,423100,42
423120,423120,423100,42
423130,423130,423100,42
423140,423140,423100,42
423210,423210,423A00,42
423220,423220,423A00,42
423310,423310,423A00,42
423320,423320,423A00,42
423330,423330,423A00,42
423390,423390,423A00,42
423410,423410,423400,42
423420,423420,423400,42
423430,423430,423400,42
423440,423440,423400,42
423450,423450,423400,42
423460,423460,423400,42
423490,423490,423400,42
423510,423510,423A00,42
423520,423520,423A00,42
423610,423610,423600,42
423620,423620,423600,42
423690,423690,423600,42
423710,423710,423A00,42
423720,423720,423A00,42
423730,423730,423A00,42
423740,423740,423A00,42
423810,423810,423800,42
423820,423820,423800,42
423830,423830,423800,42
423840,423840,423800,42
423850,423850,423800,42
423860,423860,423800,42
423910,423910,423A00,42
423920,423920,423A00,42
423930,423930,423A00,42
423940,423940,423A00,42
423990,423990,423A00,42
424110,424110,424A00,42
424120,424120,424A00,42
424130,424130,424A00,42
424210,424210,424200,42
424310,424310,424A00,42
424340,424340,424A00,42
424350,424320,424A00,42
424350,424330,424A00,42
424410,424410,424400,42
424420,424420,424400,42
424430,424430,424400,42
424440,424440,424400,42
424450,424450,424400,42
424460,424460,424400,42
424470,424470,424400,42
424480,424480,424400,42
424490,424490,424400,42
424510,424510,424A00,42
424520,424520,424A00,42
424590,424590,424A00,42
424610,424610,424A00,42
424690,424690,424A00,42
424710,424710,424700,42
424720,424720,424700,42
424810,424810,424A00,42
424820,424820,424A00,42
424910,424910,424A00,42
424920,424920,424A00,42
424930,424930,424A00,42
424940,424940,424A00,42
424950,424950,424A00,42
424990,424990,424A00,42
425120,425110,425000,42
425120,425120,425000,42
441110,441110,441000,441
441120,441120,441000,441
441210,441210,441000,441
441222,441222,441000,441
441227,441228,441000,441
441227,454110,454000,4A0
441330,441310,441000,441
441330,454110,454000,4A0
441330,454390,454000,4A0
441340,441320,441000,441
441340,454110,454000,4A0
441340,454390,454000,4A0
444110,444110,444000,4A0
444120,444120,444000,4A0
444140,444130,444000,4A0
444140,454110,454000,4A0
444140,454390,454000,4A0
444180,444190,444000,4A0
444180,454110,454000,4A0
444180,454390,454000,4A0
444230,444210,444000,4A0
444230,454110,454000,4A0
444230,454390,454000,4A0
444240,444220,444000,4A0
444240,454110,454000,4A0
444240,454390,454000,4A0
445110,445110,445000,445
445131,445120,445000,445
445131,454110,454000,4A0
445131,454390,454000,4A0
445132,454210,454000,4A0
445230,445230,445000,445
445240,445210,445000,445
445240,454110,454000,4A0
445240,454390,454000,4A0
445250,445220,445000,445
445250,454110,454000,4A0
445250,454390,454000,4A0
445291,445291,445000,445
445292,445292,445000,445
445298,445299,445000,445
445298,454110,454000,4A0
445298,454390,454000,4A0
445320,445310,445000,445
445320,454110,454000,4A0
445320,454390,454000,4A0
449110,442110,4B0000,4A0
449110,454110,454000,4A0
449110,454390,454000,4A0
449121,442210,4B0000,4A0
449121,454110,454000,4A0
449121,454390,454000,4A0
449122,442291,4B0000,4A0
449122,454110,454000,4A0
449122,454390,454000,4A0
449129,442299,4B0000,4A0
449129,454110,454000,4A0
449129,454390,454000,4A0
449210,443141,4B0000,4A0
449210,443142,4B0000,4A0
449210,454110,454000,4A0
449210,454390,454000,4A0
455110,452210,452000,452
455110,454110,454000,4A0
455211,452311,452000,452
455211,454110,454000,4A0
455219,452319,452000,452
455219,453998,4B0000,4A0
455219,454110,454000,4A0
455219,454390,454000,4A0
456110,446110,446000,4A0
456110,454110,454000,4A0
456110,454390,454000,4A0
456120,446120,446000,4A0
456120,454110,454000,4A0
456120,454390,454000,4A0
456130,446130,446000,4A0
456130,454110,454000,4A0
456130,454390,454000,4A0
456191,446191,446000,4A0
456191,454110,454000,4A0
456191,454390,454000,4A0
456199,446199,446000,4A0
456199,454110,454000,4A0
456199,454390,454000,4A0
457110,447110,447000,4A0
457120,447190,447000,4A0
457210,454310,454000,4A0
458110,448110,448000,4A0
458110,448120,448000,4A0
458110,448130,448000,4A0
458110,448140,448000,4A0
458110,448150,448000,4A0
458110,448190,448000,4A0
458110,454110,454000,4A0
458110,454390,454000,4A0
458210,448210,448000,4A0
458210,454110,454000,4A0
458210,454390,454000,4A0
458310,448310,448000,4A0
458310,454110,454000,4A0
458310,454390,454000,4A0
458320,448320,448000,4A0
458320,454110,454000,4A0
458320,454390,454000,4A0
459110,451110,4B0000,4A0
459110,454110,454000,4A0
459110,454390,454000,4A0
459120,451120,4B0000,4A0
459120,454110,454000,4A0
459120,454390,454000,4A0
459130,451130,4B0000,4A0
459130,454110,454000,4A0
459130,454390,454000,4A0
459140,451140,4B0000,4A0
459140,454110,454000,4A0
459140,454390,454000,4A0
459210,451211,4B0000,4A0
459210,451212,4B0000,4A0
459210,454110,454000,4A0
459210,454390,454000,4A0
459310,453110,4B0000,4A0
459310,454110,454000,4A0
459310,454390,454000,4A0
459410,453210,4B0000,4A0
459410,454110,454000,4A0
459410,454390,454000,4A0
459420,453220,4B0000,4A0
459420,454110,454000,4A0
459420,454390,454000,4A0
459510,453310,4B0000,4A0
459510,454110,454000,4A0
459510,454390,454000,4A0
459910,453910,4B0000,4A0
459910,454110,454000,4A0
459910,454390,454000,4A0
459920,453920,4B0000,4A0
459920,454110,454000,4A0
459920,454390,454000,4A0
459930,453930,4B0000,4A0
459991,453991,4B0000,4A0
459991,453998,4B0000,4A0
459991,454110,454000,4A0
459991,454390,454000,4A0
459999,453998,4B0000,4A0
459999,454110,454000,4A0
459999,454390,454000,4A0
481111,481111,481000,481
481112,481112,481000,481
481211,481211,481000,481
481212,481212,481000,481
481219,481219,481000,481
482111,482111,482000,482
482112,482112,482000,482
483111,483111,483000,483
483112,483112,483000,483
483113,483113,483000,483
483114,483114,483000,483
483211,483211,483000,483
483212,483212,483000,483
484110,484110,484000,484
484121,484121,484000,484
484122,484122,484000,484
484210,484210,484000,484
484220,484220,484000,484
484230,484230,484000,484
485111,485111,485000,485
485112,485112,485000,485
485113,485113,485000,485
485119,485119,485000,485
485210,485210,485000,485
485310,485310,485000,485
485320,485320,485000,485
485410,485410,485000,485
485510,485510,485000,485
485991,485991,485000,485
485999,485999,485000,485
486110,486110,486000,486
486210,486210,486000,486
486910,486910,486000,486
486990,486990,486000,486
487110,487110,48A000,487OS
487210,487210,48A000,487OS
487990,487990,48A000,487OS
488111,488111,48A000,487OS
488119,488119,48A000,487OS
488190,488190,48A000,487OS
488210,488210,48A000,487OS
488310,488310,48A000,487OS
488320,488320,48A000,487OS
488330,488330,48A000,487OS
488390,488390,48A000,487OS
488410,488410,48A000,487OS
488490,488490,48A000,487OS
488510,488510,48A000,487OS
488991,488991,48A000,487OS
488999,488999,48A000,487OS
491110,491110,491000,GFE
492110,492110,492000,487OS
492210,492210,492000,487OS
493110,493110,493000,493
493120,493120,493000,493
493130,493130,493000,493
493190,493190,493000,493
512110,512110,512100,512
512120,512120,512100,512
512131,512131,512100,512
512132,512132,512100,512
512191,512191,512100,512
512199,512199,512100,512
512230,512230,512200,512
512240,512240,512200,512
512250,512250,512200,512
512290,512290,512200,512
513110,511110,511110,511
513110,519130,519130,514
513120,511120,511120,511
513120,519130,519130,514
513130,511130,511130,511
513130,519130,519130,514
513140,511140,5111A0,511
513140,519130,519130,514
513191,511191,5111A0,511
513191,519130,519130,514
513199,511199,5111A0,511
513199,519130,519130,514
513210,511210,511200,511
516110,515112,515100,513
516120,515120,515100,513
516210,515111,515100,513
516210,515120,515100,513
516210,515210,515200,513
516210,519110,5191A0,514
516210,519130,519130,514
517111,517311,517110,513
517112,517312,517210,513
517121,517911,517A00,513
517122,517312,517210,513
517122,517911,517A00,513
517410,517410,517A00,513
517810,517919,517A00,513
518210,518210,518200,514
519210,519120,5191A0,514
519290,519130,519130,514
519290,519190,5191A0,514
521110,521110,52A000,521CI
522110,522110,52A000,521CI
522130,522130,52A000,521CI
522180,522120,52A000,521CI
522180,522190,52A000,521CI
522210,522210,522A00,521CI
522220,522220,522A00,521CI
522291,522291,522A00,521CI
522292,522292,522A00,521CI
522299,522293,522A00,521CI
522299,522294,522A00,521CI
522299,522298,522A00,521CI
522310,522310,522A00,521CI
522320,522320,522A00,521CI
522390,522390,522A00,521CI
523150,523110,523A00,523
523150,523120,523A00,523
523160,523130,523A00,523
523160,523140,523A00,523
523210,523210,523A00,523
523910,523910,523900,523
523940,523920,523900,523
523940,523930,523900,523
523991,523991,523900,523
523999,523999,523900,523
524113,524113,524113,524
524114,524114,5241XX,524
524126,524126,5241XX,524
524127,524127,5241XX,524
524128,524128,5241XX,524
524130,524130,5241XX,524
524210,524210,524200,524
524291,524291,524200,524
524292,524292,524200,524
524298,524298,524200,524
525110,525110,525000,525
525120,525120,525000,525
525190,525190,525000,525
525910,525910,525000,525
525920,525920,525000,525
525990,525990,525000,525
531110,531110,531HSO,HS
531110,531110,531HST,HS
531120,531120,531ORE,ORE
531130,531130,531ORE,ORE
531190,531190,531ORE,ORE
531210,531210,531ORE,ORE
531311,531311,531ORE,ORE
531312,531312,531ORE,ORE
531320,531320,531ORE,ORE
531390,531390,531ORE,ORE
532111,532111,532100,532RL
532112,532112,532100,532RL
532120,532120,532100,532RL
532210,532210,532A00,532RL
532281,532281,532A00,532RL
532282,532282,532A00,532RL
532283,532283,532A00,532RL
532284,532284,532A00,532RL
532289,532289,532A00,532RL
532310,532310,532A00,532RL
532411,532411,532400,532RL
532412,532412,532400,532RL
532420,532420,532400,532RL
532490,532490,532400,532RL
533110,533110,533000,532RL
541110,541110,541100,5411
541120,541120,541100,5411
541191,541191,541100,5411
541199,541199,541100,5411
541211,541211,541200,5412OP
541213,541213,541200,5412OP
541214,541214,541200,5412OP
541219,541219,541200,5412OP
541310,541310,541300,5412OP
541320,541320,541300,5412OP
541330,541330,541300,5412OP
541340,541340,541300,5412OP
541350,541350,541300,5412OP
541360,541360,541300,5412OP
541370,541370,541300,5412OP
541380,541380,541300,5412OP
541410,541410,541400,5412OP
541420,541420,541400,5412OP
541430,541430,541400,5412OP
541490,541490,541400,5412OP
541511,541511,541511,5415
541512,541512,541512,5415
541513,541513,54151A,5415
541519,541519,54151A,5415
541611,541611,541610,5412OP
541612,541612,541610,5412OP
541613,541613,541610,5412OP
541614,541614,541610,5412OP
541618,541618,541610,5412OP
541620,541620,5416A0,5412OP
541690,541690,5416A0,5412OP
541713,541713,541700,5412OP
541714,541714,541700,5412OP
541715,541715,541700,5412OP
541720,541720,541700,5412OP
541810,541810,541800,5412OP
541820,541820,541800,5412OP
541830,541830,541800,5412OP
541840,541840,541800,5412OP
541850,541850,541800,5412OP
541860,541860,541800,5412OP
541870,541870,541800,5412OP
541890,541890,541800,5412OP
541910,541910,5419A0,5412OP
541921,541921,541920,5412OP
541922,541922,541920,5412OP
541930,541930,5419A0,5412OP
541940,541940,541940,5412OP
541990,541990,5419A0,5412OP
551111,551111,550000,55
551112,551112,550000,55
551114,551114,550000,55
561110,561110,561100,561
561210,561210,561200,561
561311,561311,561300,561
561312,561312,561300,561
561320,561320,561300,561
561330,561330,561300,561
561410,561410,561400,561
561421,561421,561400,561
561422,561422,561400,561
561431,561431,561400,561
561439,561439,561400,561
561440,561440,561400,561
561450,561450,561400,561
561491,561491,561400,561
561492,561492,561400,561
561499,561499,561400,561
561510,561510,561500,561
561520,561520,561500,561
561591,561591,561500,561
561599,561599,561500,561
561611,561611,561600,561
561612,561612,561600,561
561613,561613,561600,561
561621,561621,561600,561
561622,561622,561600,561
561710,561710,561700,561
561720,561720,561700,561
561730,561730,561700,561
561740,561740,561700,561
561790,561790,561700,561
561910,561910,561900,561
561920,561920,561900,561
561990,561990,561900,561
562111,562111,562000,562
562112,562112,562000,562
562119,562119,562000,562
562211,562211,562000,562
562212,562212,562000,562
562213,562213,562000,562
562219,562219,562000,562
562910,562910,562000,562
562920,562920,562000,562
562991,562991,562000,562
562998,562998,562000,562
611110,611110,611100,61
611210,611210,611A00,61
611310,611310,611A00,61
611410,611410,611B00,61
611420,611420,611B00,61
611430,611430,611B00,61
611511,611511,611B00,61
611512,611512,611B00,61
611513,611513,611B00,61
611519,611519,611B00,61
611610,611610,611B00,61
611620,611620,611B00,61
611630,611630,611B00,61
611691,611691,611B00,61
611692,611692,611B00,61
611699,611699,611B00,61
611710,611710,611B00,61
621111,621111,621100,621
621112,621112,621100,621
621210,621210,621200,621
621310,621310,621300,621
621320,621320,621300,621
621330,621330,621300,621
621340,621340,621300,621
621391,621391,621300,621
621399,621399,621300,621
621410,621410,621400,621
621420,621420,621400,621
621491,621491,621400,621
621492,621492,621400,621
621493,621493,621400,621
621498,621498,621400,621
621511,621511,621500,621
621512,621512,621500,621
621610,621610,621600,621
621910,621910,621900,621
621991,621991,621900,621
621999,621999,621900,621
622110,622110,622000,622
622210,622210,622000,622
622310,622310,622000,622
623110,623110,623A00,623
623210,623210,623B00,623
623220,623220,623B00,623
623311,623311,623A00,623
623312,623312,623A00,623
623990,623990,623B00,623
624110,624110,624100,624
624120,624120,624100,624
624190,624190,624100,624
624210,624210,624A00,624
624221,624221,624A00,624
624229,624229,624A00,624
624230,624230,624A00,624
624310,624310,624A00,624
624410,624410,624400,624
711110,711110,711100,711AS
711120,711120,711100,711AS
711130,711130,711100,711AS
711190,711190,711100,711AS
711211,711211,711200,711AS
711212,711212,711200,711AS
711219,711219,711200,711AS
711310,711310,711A00,711AS
711320,711320,711A00,711AS
711410,711410,711A00,711AS
711510,711510,711500,711AS
712110,712110,712000,711AS
712120,712120,712000,711AS
712130,712130,712000,711AS
712190,712190,712000,711AS
713110,713110,713100,713
713120,713120,713100,713
713210,713210,713200,713
713290,713290,713200,713
713910,713910,713900,713
713920,713920,713900,713
713930,713930,713900,713
713940,713940,713900,713
713950,713950,713900,713
713990,713990,713900,713
721110,721110,721000,721
721120,721120,721000,721
721191,721191,721000,721
721199,721199,721000,721
721211,721211,721000,721
721214,721214,721000,721
721310,721310,721000,721
722310,722310,722A00,722
722320,722320,722A00,722
722330,722330,722A00,722
722410,722410,722A00,722
722511,722511,722110,722
722513,722513,722211,722
722514,722514,722A00,722
722515,722515,722A00,722
811111,811111,811100,81
811114,811112,811100,81
811114,811113,811100,81
811114,811118,811100,81
811121,811121,811100,81
811122,811122,811100,81
811191,811191,811100,81
811192,811192,811100,81
811198,811198,811100,81
811210,811211,811200,81
811210,811212,811200,81
811210,811213,811200,81
811210,811219,811200,81
811310,811310,811300,81
811411,811411,811400,81
811412,811412,811400,81
811420,811420,811400,81
811430,811430,811400,81
811490,811490,811400,81
812111,812111,812100,81
812112,812112,812100,81
812113,812113,812100,81
812191,812191,812100,81
812199,812199,812100,81
812210,812210,812200,81
812220,812220,812200,81
812310,812310,812300,81
812320,812320,812300,81
812331,812331,812300,81
812332,812332,812300,81
812910,812910,812900,81
812921,812921,812900,81
812922,812922,812900,81
812930,812930,812900,81
812990,812990,812900,81
813110,813110,813100,81
813211,813211,813A00,81
813212,813212,813A00,81
813219,813219,813A00,81
813311,813311,813A00,81
813312,813312,813A00,81
813319,813319,813A00,81
813410,813410,813B00,81
813910,813910,813B00,81
813920,813920,813B00,81
813930,813930,813B00,81
813940,813940,813B00,81
813990,813990,813B00,81
814110,814110,814000,81
921110,921110,GSLGO,GSLG
921110,921110,S00600,GFGN
921120,921120,GSLGO,GSLG
921120,921120,S00600,GFGN
921130,921130,GSLGO,GSLG
921130,921130,S00600,GFGN
921140,921140,GSLGO,GSLG
921140,921140,S00600,GFGN
921150,921150,GSLGO,GSLG
921190,921190,GSLGO,GSLG
921190,921190,S00600,GFGN
922110,922110,GSLGO,GSLG
922110,922110,S00600,GFGN
922120,922120,GSLGO,GSLG
922120,922120,S00102,GFE
922120,922120,S00203,GSLE
922120,922120,S00600,GFGN
922130,922130,GSLGO,GSLG
922130,922130,S00600,GFGN
922140,922140,GSLGO,GSLG
922140,922140,S00102,GFE
922140,922140,S00203,GSLE
922140,922140,S00600,GFGN
922150,922150,GSLGO,GSLG
922150,922150,S00600,GFGN
922160,922160,GSLGO,GSLG
922160,922160,S00203,GSLE
922160,922160,S00600,GFGN
922190,922190,GSLGO,GSLG
922190,922190,S00600,GFGN
923110,923110,GSLGE,GSLG
923110,923110,S00600,GFGN
923120,923120,GSLGH,GSLG
923120,923120,S00600,GFGN
923130,923130,GSLGO,GSLG
923130,923130,S00600,GFGN
923140,923140,S00600,GFGN
924110,924110,GSLGO,GSLG
924110,924110,S00600,GFGN
924120,924120,GSLGO,GSLG
924120,924120,S00600,GFGN
925110,925110,GSLGO,GSLG
925110,925110,S00600,GFGN
925120,925120,GSLGO,GSLG
925120,925120,S00600,GFGN
926110,926110,GSLGO,GSLG
926110,926110,S00600,GFGN
926120,926120,GSLGO,GSLG
926120,926120,S00600,GFGN
926130,926130,GSLGO,GSLG
926130,926130,S00600,GFGN
926140,926140,GSLGO,GSLG
926140,926140,S00600,GFGN
926150,926150,GSLGO,GSLG
926150,926150,S00600,GFGN
927110,927110,S00102,GFE
928110,928110,S00500,GFGD
928120,928120,S00600,GFGN
