BEA_Summary,BEA_Detail,DnB_Share_RoUS,X_Share_US,alpha_RoUS,RoUS_Share_Used,DetailedOutput_CA_RoUS,D_cal_RoUS,RoUS_Direct_Emissions,RoUS_Output_Weight,RoUS_Emissions_Weight
111CA,1111A0,0.009088538230544183,0.09662216828478964,0.2,0.07911544227394056,39463984849.666725,0.7481268052925468,29524064909.694637,0.07911544227394054,0.0492667341688331
111CA,1111B0,0.10172960977807034,0.14633394012944984,0.2,0.13741307405917394,68543729478.75922,1.4618693120518798,100201974658.5839,0.13741307405917394,0.16720678754081705
111CA,111200,0.032427591832679695,0.04754500404530744,0.2,0.04452152160278189,22208011527.416092,0.8349778297795928,18543197268.88207,0.04452152160278189,0.030942987467361373
111CA,111300,0.05000082104360814,0.07572815533980583,0.2,0.07058268848056629,35207717593.24801,0.513768191170768,18088605383.134254,0.07058268848056629,0.03018441111078752
111CA,111400,0.07335200243408876,0.05023260517799353,0.2,0.05485648462921258,27363248135.772503,0.5180684892612258,14176036622.979715,0.05485648462921258,0.023655517287616192
111CA,111900,0.32489788808503095,0.06719002831715211,0.2,0.11873160027072788,59225126468.18717,0.9766093688665433,57839813381.13748,0.11873160027072789,0.09651715368257835
111CA,112120,0.08254749839322383,0.0974463996763754,0.2,0.09446661941974509,47121385287.48401,1.7272832451589162,81391979295.749,0.09446661941974509,0.1358185947532625
111CA,1121A0,0.08811052250448247,0.22261579692556635,0.2,0.1957147420413496,97625487424.22083,2.2292466515756497,217631290948.88498,0.19571474204134962,0.36316079749838165
111CA,112300,0.1271757066817636,0.11267951051779936,0.2,0.11557874975059221,57652436717.82118,0.11772491309187036,6787128102.140055,0.11557874975059221,0.011325663894884359
111CA,112A00,0.11066982101650803,0.08360639158576051,0.2,0.08901907747191001,44404068582.700836,1.2405549859829121,55085688678.19671,0.08901907747191001,0.09192135259547787
113FF,113000,0.12679376761310873,0.35215436493068564,0.2,0.3070822454671703,13258795739.768974,0.15274016826226536,2025150692.2473202,0.3070822454671703,0.28691834215134226
113FF,114000,0.012505597112246665,0.16736605470213564,0.2,0.13639396318415783,5889040231.697973,0.1273379778089198,749898474.3397925,0.13639396318415783,0.10624376144603362
113FF,115000,0.8607006352746446,0.4804795803671787,0.2,0.5565237913486719,24028856707.71451,0.1782537268424303,4283233259.9128413,0.5565237913486719,0.6068378964026241
211,211000,1.0,1.0,0.2,1.0,638976517000.158,0.3064901643495693,195840017710.8938,1.0,1.0
212,212100,0.2039062430263711,0.36246710913875035,0.2,0.33075493591627453,42890117410.91977,1.09023946185194,46760498524.847694,0.33075493591627453,0.7519720233905789
212,212230,0.30188862536806216,0.13366453285158858,0.2,0.1673093513548833,21695572595.69437,0.07516388193103575,1630723457.0089865,0.1673093513548833,0.026224237470563225
212,2122A0,0.1473264502316612,0.1564721360405294,0.2,0.15464299887875577,20053083592.87954,0.48023482229710013,9630189035.7354,0.15464299887875577,0.15486645701580024
212,212310,0.15987924394526215,0.16447394258335624,0.2,0.16355500285573743,21208733457.575996,0.09895804334122905,2098774764.7073803,0.16355500285573743,0.033751135172766754
212,2123A0,0.1869994374286434,0.18292227938577543,0.2,0.18373771099434902,23825893861.65988,0.08661339828719436,2063641634.5883665,0.18373771099434902,0.03318614695029088
213,213111,0.33130276738501135,0.25256719600471356,0.2,0.2683143102807731,22854432887.1012,0.14688557203009805,3356986448.0453453,0.2683143102807731,0.23647027978540122
213,21311A,0.6686972326149887,0.7474328039952864,0.2,0.7316856897192269,62323405235.60479,0.17391930649256865,10839243416.831707,0.7316856897192269,0.7635297202145988
22,221100,0.7386697317398675,0.8213899276751647,0.2,0.8048458884881051,494307953886.202,2.1983914933174056,1086682400902.559,0.8048458884881051,0.9630975073152985
22,221200,0.1724204555638275,0.14669349582692662,0.2,0.1518388877743068,93254088776.00732,0.3623222805037778,33788034111.62472,0.1518388877743068,0.029945429688529538
22,221300,0.08890981269630499,0.031916576497908716,0.2,0.04331522373758797,26602682481.326477,0.2950753152436342,7849794919.503715,0.04331522373758797,0.0069570629961718
23,230301,0.10076487113216409,0.12745876524182545,0.2,0.12211998641989319,233769932174.21494,0.049784112480725125,11638028597.972599,0.12211998641989319,0.11477887064231293
23,230302,0.05270797242456497,0.05105207490349986,0.2,0.05138325440771289,98361130310.64632,0.03581970926873427,3523267091.0714374,0.05138325440771289,0.0347478625164106
23,233210,0.08810635976042201,0.028532101545206297,0.2,0.04044695318824944,77426159146.13683,0.04602729508902647,3563716674.629165,0.040446953188249445,0.03514679241073279
23,233230,0.051256031159384444,0.040260409372253204,0.2,0.042459533729679456,81278770258.02766,0.04957524235513126,4029414733.8687563,0.042459533729679456,0.03973969204574047
23,233240,0.11588994224374498,0.06469295813563823,0.2,0.07493235495725958,143440333147.29623,0.15362920375063707,22036624167.145233,0.07493235495725958,0.2173339593885044
23,233262,0.08810635976042201,0.06006678170847864,0.2,0.06567469731886733,125718729487.94206,0.046931346136255,5900149209.408817,0.06567469731886733,0.05818962010413458
23,2332A0,0.08810635976042201,0.1015540784181265,0.2,0.09886453468658561,189252850787.68723,0.0424125021281272,8026686936.786924,0.09886453468658561,0.07916238165665818
23,2332C0,0.07224099456701664,0.08592774165909896,0.2,0.0831903922406825,159248399232.4022,0.04951269790948635,7884817883.763207,0.0831903922406825,0.07776321258364238
23,2332D0,0.0596776098157493,0.07234896326118821,0.2,0.06981469257210043,133643774666.23256,0.04308780434113963,5758416814.229981,0.06981469257210043,0.05679179880518274
23,233411,0.1363028759030658,0.16136800473010696,0.2,0.15635497896469874,299304756733.28687,0.043085708950891914,12895757636.227905,0.15635497896469874,0.1271830950665539
23,233412,0.08310649640022479,0.047588779811112585,0.2,0.05469232312893503,104695562480.16959,0.0492474244752802,5155986806.139132,0.05469232312893503,0.0508503942633729
23,2334A0,0.06373412707281899,0.15914934121346508,0.2,0.14006629838533585,268123916758.8007,0.04095998399453842,10982351338.99343,0.14006629838533585,0.10831232051675414
311FT,311111,0.0078644783640483,0.024436563562345238,0.2,0.02112214652268585,21987843864.3794,0.031298752946844394,688192092.9449991,0.02112214652268585,0.010750621442586808
311FT,311119,0.014417831357207516,0.03325324212028371,0.2,0.02948615996766847,30694658842.219193,0.03478415736242779,1067687843.353788,0.02948615996766847,0.01667893011329012
311FT,311210,0.01554674546462001,0.0172231082385529,0.2,0.01688783568376632,17579988559.549656,0.062140384339827874,1092427245.7801926,0.01688783568376632,0.01706539771867039
311FT,311221,0.007458372460610895,0.010222646577412179,0.2,0.009669791754051922,10066110992.119043,0.5495077736813606,5531406240.908808,0.009669791754051924,0.08640909297097271
311FT,311224,0.07335208614875541,0.03481554538968397,0.2,0.04252285354149826,44265665108.14287,0.05694895951112825,2520883569.976791,0.04252285354149826,0.03938008768116319
311FT,311225,0.005646407026524689,0.009955092961766063,0.2,0.009093355774717789,9466049615.885492,0.061008999154612116,577514213.0130744,0.009093355774717787,0.00902166233158567
311FT,311230,0.0058782870128774355,0.010637092374197339,0.2,0.009685331301933359,10082287432.90706,0.3431267359323029,3459502377.584677,0.009685331301933359,0.0540427604769273
311FT,311300,0.021740121221351934,0.038878163428043816,0.2,0.03545055498670544,36903506332.37433,0.21629469873460608,7982032784.411533,0.03545055498670544,0.1246916575869227
311FT,311410,0.04318935737946947,0.03407164141520124,0.2,0.03589518460805489,37366359228.56126,0.08349299867610968,3119829381.6013036,0.03589518460805489,0.048736544623066265
311FT,311420,0.04712465534024725,0.0351817266126663,0.2,0.03757031235818249,39110142578.569534,0.11320664957778849,4427528205.829467,0.03757031235818249,0.06916481627034952
311FT,311513,0.04127682571719229,0.050239224409283585,0.2,0.04844674467086533,50432348644.885155,0.03698557999508581,1865269665.1454573,0.04844674467086533,0.029138387761049305
311FT,311514,0.038343034319806714,0.025054559952994503,0.2,0.027712254826356947,28848049680.81196,0.06587156110333833,1900266067.2617447,0.027712254826356947,0.029685085514280857
311FT,31151A,0.009487494862818125,0.04601082805220968,0.2,0.03870616141433137,40292544739.88777,0.04583609324466238,1846852837.7622266,0.03870616141433137,0.02885068852503614
311FT,311520,0.040455788374199234,0.008177697569983633,0.2,0.014633315730826754,15233066448.147705,0.04777539764671885,727765806.9391477,0.014633315730826754,0.011368823863959722
311FT,311615,0.10815053443972565,0.07088282200864565,0.2,0.07833636449486166,81547003263.43106,0.03772323476337884,3076216748.3564305,0.07833636449486166,0.04805524805640043
311FT,31161A,0.05439482356270488,0.156012087128048,0.2,0.1356886344149794,141249872709.81433,0.051809784158813536,7318125417.5553665,0.1356886344149794,0.11432040100437188
311FT,311700,0.009178674418767605,0.014515045956268098,0.2,0.013447771648768002,13998932495.774567,0.07783754362295559,1089642518.8146634,0.013447771648768002,0.01702189599039674
311FT,311810,0.022210044876019457,0.04532777940991312,0.2,0.040704232503134395,42372507355.58811,0.04154629072111645,1760420509.177909,0.040704232503134395,0.027500482304219333
311FT,3118A0,0.01312869543865649,0.027872791371133587,0.2,0.02492397218463817,25945488461.00294,0.045925175986665005,1191551123.6315463,0.02492397218463817,0.018613865504955
311FT,311910,0.006684048460709371,0.04091262013681957,0.2,0.03406690580159753,35463147881.46818,0.04541147420797458,1610433825.3528807,0.03406690580159753,0.02515745907602205
311FT,311920,0.07091437791220695,0.014480421370713896,0.2,0.02576721267901251,26823289413.21731,0.018800599529031087,504293922.30919796,0.02576721267901251,0.007877848510788918
311FT,311930,0.04082939396916264,0.01237776472069501,0.2,0.018068090570388537,18808616537.267147,0.017383375661835277,326957246.9467222,0.018068090570388537,0.005107576250684274
311FT,311940,0.017755372107769774,0.02283543878792966,0.2,0.021819425451897682,22713700974.07063,0.022633908972333246,514099840.2719116,0.021819425451897682,0.008031032066652035
311FT,311990,0.047357854996414546,0.03129642842153859,0.2,0.034508713736513784,35923063443.57967,0.03065302887855842,1101150701.142334,0.034508713736513784,0.01720167153993497
311FT,312110,0.1352712510788713,0.04725416544256516,0.2,0.06485758256982639,67515789526.16318,0.03849795375080823,2599219742.6275325,0.06485758256982639,0.04060381946486526
311FT,312120,0.02047098984265916,0.034067444495740125,0.2,0.03134815356512394,32632966790.862232,0.052752995233019975,1721486741.5576544,0.03134815356512394,0.026892276831779457
311FT,312130,0.011810531004772777,0.023156503126705,0.2,0.020887308702318554,21743381147.38511,0.01766600483457512,384118676.4697149,0.020887308702318554,0.006000525902705215
311FT,312140,0.010097625034151889,0.017089856045662485,0.2,0.015691409843360364,16334526856.786598,0.21410076068965905,3497234625.5436764,0.015691409843360364,0.05463219635993655
311FT,312200,0.059964297807678237,0.06376169891299786,0.2,0.06300221869193394,65584383018.07494,0.00780762957658158,512058568.6137766,0.06300221869193394,0.007999144256427159
313TT,313100,0.06548811886631643,0.14247479524279075,0.2,0.1270774599674959,6202268583.58911,0.030545493335839235,189451353.68710622,0.1270774599674959,0.06624387834013795
313TT,313200,0.3469203327988772,0.2671804881975329,0.2,0.28312845711780177,13818648367.310469,0.07188069670672896,993294072.1875792,0.28312845711780177,0.34731687260808647
313TT,313300,0.087626077168846,0.14162960577948605,0.2,0.13082890005735806,6385365090.385203,0.09441326418200492,602863161.1770899,0.13082890005735806,0.21079814489329832
313TT,314110,0.2896301745133356,0.19624494395588915,0.2,0.21492199006737844,10489695869.41941,0.05070563306197292,531886669.68647367,0.21492199006737847,0.1859803857387264
313TT,314120,0.04828267952999806,0.0705934437445918,0.2,0.06613129090167305,3227669392.0113893,0.057350353404831834,185107980.30581188,0.06613129090167305,0.06472516711291997
313TT,314900,0.1620526171226267,0.18187672307970942,0.2,0.17791190188829287,8683344788.372314,0.04114821057153829,357304099.8172136,0.17791190188829287,0.12493555130683079
315AL,315000,0.5731056709933778,0.6926506177556999,0.2,0.6687416284032356,8722655946.231707,0.029601672269630664,258205202.64109614,0.6687416284032356,0.5923022830280867
315AL,316000,0.4268943290066221,0.3073493822443001,0.2,0.3312583715967645,4320731179.314708,0.041134158266630416,177729640.1574959,0.3312583715967645,0.4076977169719133
321,321100,0.08143143002665697,0.30436867243255206,0.2,0.25978122395137304,42280944589.87703,0.0546384662735747,2310165964.988877,0.25978122395137304,0.3095022777956094
321,321200,0.1769456062484006,0.2265568812584137,0.2,0.2166346262564111,35258578313.22927,0.08263703966172493,2913664534.486362,0.2166346262564111,0.3903554220011007
321,321910,0.4829262847660372,0.23656112268795987,0.2,0.28583415510357535,46521214620.54075,0.019297870018014442,897760352.8273485,0.28583415510357535,0.12027658545995079
321,3219A0,0.2586966789589052,0.23251332362107438,0.2,0.23774999468864055,38695230543.5115,0.03469527075391582,1342541500.5923245,0.23774999468864058,0.17986571474333907
322,322110,0.012864117922797607,0.03682494791722887,0.2,0.03203278191834262,6250592102.105761,0.4843636730693665,3027559749.434319,0.03203278191834262,0.05988050310886003
322,322120,0.20162427776739364,0.20367871676687427,0.2,0.20326782896697815,39663875887.89592,0.5148547023951878,20421133016.10232,0.20326782896697815,0.40389878987050115
322,322130,0.23392584047565687,0.1772379400049654,0.2,0.18857552009910372,36796949437.194885,0.5522853991654372,20322417907.991585,0.18857552009910375,0.4019463559543015
322,322210,0.20241316026638875,0.3494349154262152,0.2,0.3200305643942499,62447917365.85603,0.025739922169124855,1607404532.6210747,0.3200305643942499,0.031792004148157964
322,322220,0.1505596584106584,0.11583963903671161,0.2,0.12278364291150097,23958907802.850952,0.02558531505432627,612996204.4934976,0.12278364291150097,0.012124127735464401
322,322230,0.013943209281933327,0.030704547662482054,0.2,0.02735227998637231,5337280592.526511,0.0066423839405200455,35452266.89384741,0.027352279986372307,0.0007011916373739003
322,322291,0.14578563080438914,0.06142528686002958,0.2,0.0782973556489015,15278249453.399689,0.2898193331041192,4427932067.582672,0.0782973556489015,0.08757772657938337
322,322299,0.03888410507078226,0.024854006325493033,0.2,0.027660026074550877,5397331426.4855,0.019478053327348886,105129509.3504606,0.027660026074550877,0.0020793009659576187
323,323110,0.9646354584174022,0.9619550323495418,0.2,0.9624911175631139,76578439237.78934,0.04398283901703444,3368137165.171442,0.962491117563114,0.973143756030656
323,323120,0.03536454158259781,0.03804496765045814,0.2,0.037508882436886076,2984309800.014453,0.031146850443597215,92951851.01841168,0.037508882436886076,0.026856243969344048
324,324110,0.9856091612827923,0.9181303047794752,0.2,0.9316260760801387,713200359057.8873,0.17532200242330356,125039715079.0479,0.9316260760801387,0.7987318646425092
324,324121,0.003422421634773755,0.024551628392135608,0.2,0.020325787040663238,15560275724.06442,1.1680137802188744,18174616469.712467,0.020325787040663238,0.11609627623382483
324,324122,0.004035981129568633,0.02019180263668304,0.2,0.01696063833526016,12984107745.732512,0.4492227402636489,5832756461.416428,0.01696063833526016,0.037258629720065904
324,324190,0.006932435952865324,0.03712626419170612,0.2,0.031087498543937962,23798834846.955162,0.3151713365398421,7500710586.805826,0.031087498543937962,0.04791322940360018
325,325110,0.003882746554790449,0.06926671326187316,0.2,0.05618991992045661,47394380281.38579,0.7454154589877171,35328503730.887596,0.05618991992045661,0.10230952459542415
325,325120,0.020795322613693518,0.012261268778102468,0.2,0.013968079545220679,11781623371.309042,1.8024142584303373,21235365951.90352,0.01396807954522068,0.06149652449757237
325,325130,0.008030100725525765,0.00891868029086653,0.2,0.008740964377798378,7372720771.516924,0.1094959677414243,807283195.7645459,0.008740964377798378,0.0023378504960665752
325,325180,0.04801138779860207,0.04025544735870344,0.2,0.04180663544668317,35262544980.49236,1.025313621782672,36155167707.223,0.04180663544668318,0.10470350083238247
325,325190,0.059985607156031795,0.14868896677472154,0.2,0.13094829485098358,110450651863.39769,0.932381041594237,102982093829.15718,0.13094829485098358,0.2982308320148527
325,325211,0.13770859495504048,0.11335668204649213,0.2,0.11822706462820182,99720705572.69157,0.6065999975049174,60490579751.58331,0.11822706462820182,0.17517759891640314
325,3252A0,0.009768237984719366,0.01935660282612279,0.2,0.017438929857842105,14709173363.354124,0.3624863445213105,5331874483.412467,0.017438929857842105,0.01544083349115836
325,325310,0.022372022010597386,0.021918487350934737,0.2,0.022009194282867267,18564043604.364628,2.2229415817822056,41266784454.16014,0.022009194282867267,0.11950647927938415
325,325320,0.04617954615079327,0.01904994333188096,0.2,0.024475863895663426,20644599651.123447,0.27800848630428965,5739373899.366896,0.024475863895663426,0.016620930781346178
325,325411,0.009313899316388312,0.01917260712957769,0.2,0.017200865566939814,14508373832.932762,0.10887483953824176,1579596873.02138,0.017200865566939814,0.004574431070227941
325,325412,0.3903575509210347,0.23820798413548216,0.2,0.2686378974925927,226587378835.5527,0.023352338766242764,5291345230.722813,0.2686378974925927,0.015323462865827827
325,325413,0.0015113166173560519,0.022516473364706302,0.2,0.01831544201523625,15448483021.876564,0.020333122446673832,314115896.89917797,0.01831544201523625,0.0009096634356332179
325,325414,0.017953024871651988,0.04595292521213809,0.2,0.04035294514404087,34036404222.286556,0.06791379532594564,2311541389.9835215,0.04035294514404087,0.006694104638377176
325,325510,0.03629377037053115,0.035615944760403105,0.2,0.035751509882428714,30155242388.673958,0.04550722945851634,1372281534.7585642,0.035751509882428714,0.00397405654373861
325,325520,0.02107186103146509,0.019221161549499315,0.2,0.01959130144589247,16524629190.579306,0.26093148346019335,4311796008.327473,0.01959130144589247,0.01248673884194948
325,325610,0.04395781516144969,0.05063459349089668,0.2,0.04929923782500729,41582312777.246735,0.25503054397705177,10604759847.405146,0.04929923782500729,0.03071083753507736
325,325620,0.09031582040831129,0.05526770734973365,0.2,0.062277329961449183,52528913785.258835,0.05865179290859047,3080914973.046204,0.062277329961449183,0.008922170851399427
325,325910,0.002956692883646928,0.00547387197221665,0.2,0.004970436154502706,4192402153.345794,0.1109586559871045,465183308.2926921,0.004970436154502706,0.0013471468671214014
325,3259A0,0.02953468246837071,0.05486393901564858,0.2,0.04979808770619301,42003076519.31487,0.158118309613176,6641455457.786952,0.04979808770619301,0.01923331244605747
326,326110,0.07146271091309928,0.16500178755441525,0.2,0.14629397222615206,41588700045.82464,0.048051609258184774,1998403964.1578166,0.14629397222615206,0.18843344794766048
326,326120,0.020874277744064036,0.07911505541418687,0.2,0.0674668998801623,19179605416.689655,0.020086461690977088,385250409.45039344,0.0674668998801623,0.03632602030319669
326,326130,0.007165545378542874,0.018771424365418184,0.2,0.01645024856804312,4676504731.97898,0.05624932442656073,263050231.85143209,0.01645024856804312,0.02480352474284946
326,326140,0.0077021529918718055,0.04150911652751782,0.2,0.03474772382038862,9878142217.693945,0.046009472911623495,454488116.78215396,0.03474772382038862,0.04285458017122762
326,326150,0.056430372579332186,0.045984311581249604,0.2,0.04807352378086612,13666423368.268167,0.11179615699060393,1527853612.378966,0.04807352378086612,0.14406432798545088
326,326160,0.009422291750920358,0.0468128956278522,0.2,0.03933477485246584,11182156911.97707,0.018193586176971206,203443535.42246905,0.03933477485246584,0.019183091872254927
326,326190,0.6369138055332315,0.41909949317574813,0.2,0.46266235564724484,131526443904.07918,0.024864473195609502,3270335738.9668136,0.46266235564724484,0.30836640153467565
326,326210,0.07405719857136046,0.08430527223402241,0.2,0.08225565750149003,23383778667.33473,0.06142388997693992,1436322648.1074831,0.08225565750149003,0.13543369298822788
326,326220,0.016572990329672223,0.02255683371537928,0.2,0.02136006503823787,6072275735.744757,0.037630243847130686,228501216.6430901,0.02136006503823787,0.021545830014622867
326,326290,0.09939865420790522,0.07684380980421021,0.2,0.08135477868494922,23127675300.199173,0.036220994901246695,837707409.1262034,0.08135477868494922,0.07898908243983356
327,327100,0.07244689976051573,0.06403135973353653,0.2,0.06571446773893237,9580993387.045952,0.3258118184323831,3121600877.8220787,0.06571446773893237,0.03502401367775037
327,327200,0.2721660550785123,0.20716120568434448,0.2,0.22016217556317808,32099055515.879444,0.3736712509482247,11994494228.875183,0.22016217556317808,0.1345768874280046
327,327310,0.07393610270995148,0.06567318947029388,0.2,0.06732577211822541,9815917249.837563,5.280120944753619,51829230262.835655,0.06732577211822541,0.5815181827150594
327,327320,0.19813179930947997,0.24903964743866705,0.2,0.23885807781282964,34824867988.87079,0.0510179218874839,1776692394.7981484,0.23885807781282964,0.01993429050416616
327,327330,0.04874393250462031,0.050629629920579435,0.2,0.05025249043738761,7326678509.76073,0.0139495118652517,102203588.80479194,0.05025249043738761,0.0011467128669926752
327,327390,0.15486616280962248,0.09856477371815518,0.2,0.10982505153644864,16012198359.164406,0.008597129416070794,137658941.52953282,0.10982505153644864,0.0015445179700099376
327,327400,0.02869446089473573,0.06374855652529125,0.2,0.05673773739918015,8272210146.738174,2.152525095575483,17806139936.72807,0.05673773739918015,0.199782904061397
327,327910,0.014733627644440313,0.038029175864317304,0.2,0.03337006622034191,4865266276.7131405,0.012191845762924496,59316576.04124454,0.03337006622034191,0.0006655253672389182
327,327991,0.020723036092441763,0.039490325773584606,0.2,0.03573686783735604,5210339613.244596,0.015564141212572912,81094461.50600141,0.03573686783735604,0.000909870813131505
327,327992,0.008076976984035145,0.03422704384235292,0.2,0.02899703047068937,4227689377.1301265,0.08844500189129201,373917994.9560692,0.02899703047068937,0.004195318198025186
327,327993,0.03299118743986018,0.04944342757488393,0.2,0.04615297954787918,6728980802.179157,0.20728554027442625,1394820421.0759487,0.04615297954787918,0.015649729551541335
327,327999,0.07448975877178454,0.03996166445399342,0.2,0.04686728331755165,6833124378.609881,0.06589606834791754,450276031.08269835,0.04686728331755165,0.0050520468466828915
331,331110,0.48809335183400326,0.39536375708850763,0.2,0.4139096760376068,129750515368.04407,0.6695466258872526,86874019771.80602,0.4139096760376068,0.771286516109701
331,331200,0.10638396254992485,0.10298524872586318,0.2,0.10366499149067553,32496428207.00081,0.09905187718938932,3218832215.853651,0.10366499149067553,0.02857749523077951
331,331313,0.05924842347489594,0.012512561912281962,0.2,0.02185973422480476,6852489675.112569,0.5310427204818462,3638964759.145541,0.02185973422480476,0.03230752368429277
331,331314,0.004027382819720155,0.026478716531476564,0.2,0.021988449789125283,6892838842.511495,0.0,0.0,0.021988449789125283,0.0
331,33131B,0.14590208364999002,0.1209757016725289,0.2,0.12596097806802115,39485672277.69691,0.19064093529883858,7527585493.92356,0.12596097806802115,0.06683154763157942
331,331410,0.04777624046788792,0.04602594932165674,0.2,0.04637600755090298,14537739098.167995,0.11555710375140088,1679939025.277796,0.04637600755090298,0.014914865474013068
331,331420,0.027046945346946374,0.09842706912640872,0.2,0.08415104437051625,26379285162.788963,0.07301871038347525,1926181383.4247932,0.08415104437051625,0.017101058895621864
331,331490,0.02874786593180477,0.06305182686095757,0.2,0.05619103467512702,17614508986.49429,0.13641283291170644,2402845071.1963973,0.05619103467512702,0.02133298319316286
331,331510,0.05230566679316477,0.07680712080970498,0.2,0.07190683000639694,22541024749.961735,0.11356946663482526,2559972158.2555494,0.07190683000639694,0.022727991780110392
331,331520,0.04046807713166194,0.057372047950613736,0.2,0.05399125378682338,16924931717.6405,0.1658424117615503,2806871494.9530582,0.05399125378682338,0.024920018000739123
332,332114,0.0012903354708323537,0.01961039148579763,0.2,0.015946380282804574,6302573771.186542,0.05249476259806359,330852113.8752199,0.015946380282804574,0.027051777282972294
332,332119,0.03860691315617375,0.03242790509610247,0.2,0.03366370670811673,13305088125.1264,0.025340905223254252,337162977.1658737,0.03366370670811673,0.02756777842379148
332,33211A,0.045906851056567076,0.037427255267224076,0.2,0.03912317442509268,15462862957.246525,0.09869362752040918,1526086037.1016214,0.03912317442509268,0.12477882975200445
332,332200,0.04830996404971685,0.02735635171627027,0.2,0.031547074182959586,12468520051.387379,0.040476390035739815,504680680.76839817,0.031547074182959586,0.04126468836863638
332,332310,0.14339139326902456,0.13510953226761396,0.2,0.1367659044678961,54054725085.25713,0.013547372721214077,732299508.0727388,0.1367659044678961,0.05987570387501045
332,332320,0.09373346653899929,0.12568845759505554,0.2,0.1192974593838443,47150577444.37357,0.015305626838677587,721669143.5917503,0.1192974593838443,0.05900652323412454
332,332410,0.027292309526608848,0.020638565177836504,0.2,0.021969314047590973,8683050324.380865,0.013363071937507678,116032226.12170088,0.021969314047590973,0.009487253691465162
332,332420,0.018872685125506855,0.024240061228320987,0.2,0.02316658600775816,9156254570.065622,0.019493683571865535,178489129.29230696,0.02316658600775816,0.014593977098989224
332,332430,0.08205599792647413,0.05186500888099467,0.2,0.05790320669009057,22885396264.259544,0.012669174696947777,289939083.2807802,0.05790320669009057,0.02370656609889133
332,332500,0.07655885514029827,0.024985198342214326,0.2,0.035299929701831115,13951781352.122673,0.02036340803165256,284105816.44167525,0.035299929701831115,0.023229615132747197
332,332600,0.02828520989343085,0.026579445190544268,0.2,0.026920598131121583,10639973001.824068,0.023968444750807463,255023605.0443032,0.026920598131121583,0.02085173851469198
332,332710,0.08349763661799244,0.10956114889745701,0.2,0.1043484464415641,41242198539.30379,0.034072304183296646,1405216733.8190713,0.1043484464415641,0.11489607750221606
332,332720,0.018397000980966065,0.0854279484180277,0.2,0.07202175893061538,28465547713.06274,0.023097402346775524,657480208.549946,0.07202175893061538,0.05375818205097902
332,332800,0.04585750673074615,0.07488916807462924,0.2,0.06908283580585263,27303981296.53642,0.11526653980248015,3147235446.883389,0.06908283580585263,0.25733041681056007
332,332913,0.022670064580799433,0.014027639388294415,0.2,0.015756124426795422,6227377924.440621,0.024844804694366177,154717988.29073465,0.015756124426795422,0.012650354600693232
332,33291A,0.12560914150868552,0.07534260422533177,0.2,0.08539591168200253,33751486142.213898,0.012112641381027536,408819647.7173575,0.08539591168200253,0.03342671119557706
332,332991,0.02374593184129524,0.01789484324683389,0.2,0.01906506096572616,7535186735.652404,0.02804857179646349,211351226.1547058,0.01906506096572616,0.01728091210134001
332,332996,0.013921274288359601,0.01789484324683389,0.2,0.017100129455139033,6758576271.009307,0.018123926767911667,122491941.3911182,0.017100129455139033,0.010015425558747225
332,332999,0.037822160339180726,0.040084333347773976,0.2,0.03963189874605533,15663928810.763218,0.032600022828482476,510644436.8146053,0.03963189874605533,0.041752308648411354
332,33299A,0.024175301958342006,0.03894929890684342,0.2,0.03599449951714314,14226299921.390955,0.023620352868692542,336030224.1591073,0.03599449951714314,0.027475160058151482
333,333111,0.04543635185337587,0.06628594090818957,0.2,0.06211602309722683,24847590574.564922,0.015052384466763298,374015486.4010752,0.06211602309722683,0.040587883126406106
333,333112,0.012411068857146886,0.021008658867076476,0.2,0.019289140865090558,7716023190.9997635,0.0038889104250632318,30006923.027508643,0.019289140865090558,0.003256329026754663
333,333120,0.02479896429657688,0.08593297640293476,0.2,0.07370617398166318,29483871352.28205,0.023971668774042675,706777598.233391,0.07370617398166318,0.07669898064781422
333,333130,0.10051512205400116,0.046517284685041974,0.2,0.05731685215883381,22927830927.559055,0.02930623932628768,671928500.395706,0.05731685215883381,0.07291718240275474
333,333242,0.0055406429785343474,0.02337761914204508,0.2,0.019810223909342933,7924466318.768337,0.009223354932101337,73090165.50548287,0.019810223909342933,0.007931690539800305
333,33329A,0.07436143802379017,0.08316478286734087,0.2,0.08140411389863074,32563193720.119694,0.016232270733294557,528574576.4057,0.08140411389863074,0.05736052091634058
333,333314,0.023315364747185,0.012979046863639368,0.2,0.015046310440348496,6018810330.055922,0.01690576616093692,101752600.00695696,0.015046310440348496,0.01104211666909856
333,333316,0.023315364747185,0.0043333994315552914,0.2,0.008129792494681234,3252071611.986837,0.0066149682302542945,21512350.395804796,0.008129792494681234,0.002334504306334817
333,333318,0.023315364747185,0.05248727609227312,0.2,0.0466528938232555,18662044783.911068,0.053641400516298635,1001058218.7068754,0.0466528938232555,0.10863409527388528
333,333413,0.023504580838560964,0.015964042567254942,0.2,0.017472150221516148,6989192377.657372,0.017141252132371484,119803508.74707396,0.017472150221516148,0.013000987894777266
333,333414,0.006267741549517524,0.01178927886839844,0.2,0.010684971404622257,4274191770.896562,0.0277262945193156,118507499.87191318,0.010684971404622257,0.012860345973069771
333,333415,0.12728676128178673,0.08797144556811422,0.2,0.09583450871084873,38335626085.30963,0.060510429900078384,2319705214.9107447,0.09583450871084871,0.25173268908322244
333,333511,0.0019888490562107084,0.017441998810232003,0.2,0.014351368859427746,5740820481.14155,0.03390506437939524,194642888.00365502,0.014351368859427746,0.021122501813218484
333,333514,0.013669520676286967,0.02505387005089563,0.2,0.0227770001759739,9111233248.199684,0.017458696903832654,159070259.70044097,0.0227770001759739,0.017262186578780137
333,333517,0.015915161139331595,0.020865886707647566,0.2,0.01987574159398437,7950674638.654106,0.012975695863713606,103165536.02251676,0.01987574159398437,0.011195447437341494
333,33351B,0.010996028430643337,0.023787428118183622,0.2,0.021229148180675565,8492063012.703499,0.022998489982399332,195304626.12756532,0.021229148180675565,0.021194313143524622
333,333611,0.006606275745678841,0.03436843148919294,0.2,0.028816000340490124,11526948164.989464,0.012687049270826584,146242959.3114854,0.028816000340490124,0.01587017745631313
333,333612,0.004783791777134685,0.008386542402009386,0.2,0.0076659922770344465,3066542704.277419,0.020743759136173528,63611623.23832099,0.0076659922770344465,0.006903086164483828
333,333613,0.012133229548843924,0.013150902240729725,0.2,0.012947367702352565,5179193316.720314,0.02112740553350674,109422917.53877789,0.012947367702352565,0.011874493837540526
333,333618,0.15574214254819377,0.06782999537312447,0.2,0.08541242480813832,34166594314.827965,0.016553567960818253,565579040.9802113,0.08541242480813832,0.0613762179607536
333,333912,0.017628158419950284,0.024199881023200476,0.2,0.02288553650255044,9154649842.997131,0.011151020493365318,102083688.0088446,0.02288553650255044,0.011078046093450686
333,333914,0.04786973897671175,0.046337497521316676,0.2,0.0466439458123957,18658465409.391983,0.013695783356225252,255542300.0066553,0.0466439458123957,0.027731260826458964
333,333920,0.09101536170182728,0.08033313503866746,0.2,0.08246958037129942,32989400572.45405,0.012469147327400737,411349695.98056775,0.08246958037129942,0.044639363854143264
333,333991,0.010640765251785549,0.00888095710225395,0.2,0.00923291873216027,3693343086.466714,0.013404450044535509,49507232.89987366,0.00923291873216027,0.0053724881880882
333,333993,0.019972330537509443,0.01852865357921872,0.2,0.018817388970876866,7527313461.436916,0.015782906190811626,118802882.2306924,0.018817388970876866,0.012892400647519472
333,333994,0.0048588841910501505,0.007022275100799788,0.2,0.00658959691884986,2635964089.8888426,0.01577375253154281,41579045.23594007,0.00658959691884986,0.0045121271442064995
333,33399A,0.040554003335414895,0.06114614316874876,0.2,0.05702771520208199,22812170645.99049,0.01973307944533492,450154375.67786753,0.05702771520208199,0.04885041890821843
333,33399B,0.055556992688581296,0.030854650009914733,0.2,0.03579511854564805,14318728177.399797,0.01272197790474034,182162543.49686316,0.03579511854564805,0.019768144085699806
334,334111,0.16240162142015482,0.05378511360845521,0.2,0.07550841517079514,17016300915.389402,1.3262203430652763e-05,225673.64437709708,0.07550841517079514,2.7484223569504513e-05
334,334112,0.07129078642026115,0.014958658322112222,0.2,0.02622508394174201,5909989222.719495,0.008322540091784661,49186122.24809826,0.02622508394174201,0.005990253687421316
334,334118,0.035660480548567096,0.024734433707934947,0.2,0.02691964307606138,6066512534.808317,0.016304777564371563,98913137.47152151,0.02691964307606138,0.012046381365144156
334,334210,0.03629099606410279,0.022329305025081653,0.2,0.025121643232885883,5661321850.987281,0.0001452085925031451,822072.5776891632,0.025121643232885883,0.00010011814440242552
334,334220,0.06915791536027172,0.0839536702207242,0.2,0.0809945192486337,18252629311.773922,0.0028816443189158434,52597585.561550125,0.0809945192486337,0.006405727194152123
334,334290,0.00637132566956585,0.01539621107544821,0.2,0.013591233994271739,3062870899.0232983,0.0010420905246647046,3191788.7421434443,0.013591233994271739,0.0003887198951292375
334,334300,0.010937813709096734,0.008799044723537233,0.2,0.009226798520649133,2079317646.3563442,0.0013620503205526787,2832135.2667505,0.009226798520649133,0.0003449186060928818
334,334413,0.14528741736209125,0.18135291311331486,0.2,0.17413981396307016,39243513044.776924,0.17314104517932483,6794662865.081144,0.17413981396307016,0.8275048412443351
334,334418,0.07248339368798581,0.056596742913762585,0.2,0.059774073068607235,13470466993.2908,0.009204562095546463,123989749.89575422,0.05977407306860723,0.015100398701265894
334,33441A,0.07481194713822235,0.08497839053982718,0.2,0.08294510185950622,18692205491.35411,0.0056204703580873105,105058986.89143263,0.08294510185950622,0.012794868854445716
334,334510,0.02894334300601586,0.09463560324410081,0.2,0.08149715119648382,18365900613.455463,0.007788991945837697,143051851.9562602,0.08149715119648383,0.017421924000251266
334,334511,0.10335641413391146,0.15208486829662124,0.2,0.1423391774640793,32077037642.7473,0.02016705663367063,646899434.7816694,0.1423391774640793,0.07878424944835913
334,334512,0.007971957778906861,0.009016409639710595,0.2,0.008807519267549848,1984830403.8128583,0.00038116150770477626,756540.9492555889,0.008807519267549848,9.21372127712047e-05
334,334513,0.03073343302530304,0.032390195430820085,0.2,0.03205884294971668,7224663865.579108,0.0031908023736344155,23052474.61100061,0.03205884294971668,0.0028075027005828213
334,334514,0.006886198845967231,0.01667781720457426,0.2,0.014719493532852856,3317131351.6593156,5.624390177444834e-05,186568.4099156696,0.014719493532852857,2.2721695762403432e-05
334,334515,0.011519307017953012,0.03399079163173302,0.2,0.02949649470897702,6647222415.962924,0.0013329643209761806,8860510.314071666,0.02949649470897702,0.0010790991880510476
334,334516,0.06110955436911571,0.044907027097218576,0.2,0.048147532551598,10850352247.20729,0.013402308973718241,145419773.29075015,0.048147532551598,0.017710307163166704
334,334517,0.020801529617316517,0.02688832242274371,0.2,0.02567096386165827,5785114743.436138,0.00012285119780512695,710708.2756712292,0.025670963861658274,8.655536713274916e-05
334,33451A,0.037614540923994244,0.03727102582125829,0.2,0.03733972884180548,8414745040.45687,0.0012122742975688493,10200979.13314081,0.03733972884180548,0.001242351502307488
334,334610,0.006370023901196515,0.005253455961021107,0.2,0.005476769549056189,1234224801.0394871,0.0003289121037600413,405951.47582271614,0.005476769549056189,4.94398056568725e-05
335,335110,0.02135310431465511,0.012027823398705438,0.2,0.013892879581895373,2013589036.3024895,0.03395933161411646,68380137.81834543,0.013892879581895373,0.020703752307282837
335,335120,0.0679698951707474,0.09639165298038836,0.2,0.09070730141846017,13146822915.446198,0.02458558978440863,323222395.1674233,0.09070730141846017,0.09786345309057973
335,335210,0.0638487850273657,0.028982706984832383,0.2,0.035955922593339046,5211335137.348903,0.00010603087102945757,552562.403839522,0.035955922593339046,0.00016730172691083745
335,335220,0.14243213424236129,0.15339902746916562,0.2,0.15120564882380477,21915257733.564846,0.016526306705832043,362178270.8422503,0.15120564882380477,0.10965829332660718
335,335311,0.04541091218195046,0.04306347212829678,0.2,0.04353296013902752,6309526454.686237,0.011198461373082544,70656988.28524628,0.04353296013902752,0.021393124244974217
335,335312,0.13165735501085468,0.08283418671303899,0.2,0.09259882037260214,13420973555.388546,0.01847539509533557,247957788.99985394,0.09259882037260214,0.07507526030076513
335,335313,0.03503948680368822,0.09749460599620005,0.2,0.0850035821576977,12320144291.916964,0.017061832696273347,210204240.7026343,0.0850035821576977,0.06364445396423604
335,335314,0.0860198771946427,0.08589347245032686,0.2,0.08591875339919003,12452786251.947319,0.00402796828045348,50159428.02611098,0.08591875339919003,0.01518698860312871
335,335911,0.03758361824780947,0.06043699481531575,0.2,0.0558663195018145,8097083674.000912,0.1250566087697632,1012593825.1955689,0.0558663195018145,0.3065874450330317
335,335912,0.03758361824780947,0.017309116671497118,0.2,0.02136401698675959,3096431529.7153373,0.017165955184958434,53153204.87238577,0.02136401698675959,0.01609342746485213
335,335920,0.0926191452684627,0.09191543490161981,0.2,0.0920561769749884,13342324576.27547,0.015517156188477203,207034934.3674244,0.0920561769749884,0.06268486927424315
335,335930,0.061063582597834586,0.11536727530351334,0.2,0.1045065367623776,15146839458.746515,0.014289144459170896,216435377.12589887,0.1045065367623776,0.06553108229252155
335,335991,0.019979121925113762,0.027694586674395387,0.2,0.026151493724539062,3790312925.1395383,0.08254163389282239,312858621.8061005,0.026151493724539062,0.09472556826777263
335,335999,0.15743936376670445,0.08718964351270408,0.2,0.10123958756350417,14673338407.34596,0.011408571148213469,167401825.2020197,0.10123958756350417,0.05068498010309414
3361MV,336111,0.2783757251559977,0.06702994719928461,0.2,0.10929910279062723,72335715492.37715,0.040688902997003715,2943260910.8881927,0.10929910279062723,0.31060489999853924
3361MV,336112,0.2783757251559977,0.3564324601315245,0.2,0.34082111313641916,225560306024.26343,0.014907657989744376,3362575898.271797,0.34082111313641916,0.3548555776202082
3361MV,336120,0.04387657339401204,0.04385490437092126,0.2,0.04385923817553942,29026673535.057476,0.011656023198791866,338335580.1083878,0.04385923817553942,0.03570484989514598
3361MV,336211,0.015741735551683678,0.02495348747636695,0.2,0.023111137091430298,15295282346.035746,0.029866331514434147,456813973.15357566,0.023111137091430298,0.048207978410749794
3361MV,336212,0.009349362419199293,0.0184877861713369,0.2,0.01666010142090938,11025894318.32365,0.015348549823194326,169231488.2900658,0.01666010142090938,0.017859147078156074
3361MV,336213,0.014599849418680628,0.009317576291423777,0.2,0.010374030916875148,6865682606.285362,0.0018110751270113356,12434266.998197779,0.010374030916875148,0.0013121990793418556
3361MV,336214,0.005370503429954589,0.029639069515080774,0.2,0.02478535629805554,16403304654.638832,0.011816288230542553,193826175.7326127,0.02478535629805554,0.020454645970329484
3361MV,336310,0.0049129361579101395,0.06681894529189435,0.2,0.05443774346509751,36027680216.93209,0.006836390404403074,246299287.327937,0.05443774346509751,0.025992179363778962
3361MV,336320,0.02898845306396529,0.0402779196551626,0.2,0.03802002633692314,25162199303.581093,0.003727410264749569,93789839.96784262,0.03802002633692314,0.009897723900834762
3361MV,336350,0.022619739700023796,0.07029545290889574,0.2,0.06076031026712136,40212045702.97673,0.004715757632239996,189630261.43179604,0.060760310267121365,0.020011847461713982
3361MV,336360,0.005455942110831232,0.0532411400131625,0.2,0.04368410043269625,28910764862.297844,0.019026463111029953,550069601.1641709,0.04368410043269625,0.05804932645617023
3361MV,336370,0.015290175827244979,0.0635048756512172,0.2,0.05386193568642275,35646602361.82561,0.006576687521941276,234436564.9526209,0.05386193568642275,0.02474029588873102
3361MV,336390,0.2662858464119298,0.1101413210394021,0.2,0.14137022611390765,93560845369.95464,0.00584766019843855,547112031.6021473,0.14137022611390765,0.05773721155169381
3361MV,3363A0,0.010757432202569174,0.04600511428432674,0.2,0.03895557786797523,25781360739.043903,0.005355959489171394,138083923.69403303,0.03895557786797523,0.014572117324606537
3364OT,336411,0.21316502838306517,0.44581063522904724,0.2,0.39928151385985083,122864656564.82478,0.0038269685248506647,470199173.490171,0.39928151385985083,0.0809435200824722
3364OT,336412,0.2712172411063075,0.13913292248274547,0.2,0.1655497862074579,50942046953.6162,0.019615239405090995,999240446.7805682,0.1655497862074579,0.17201654901014446
3364OT,336413,0.12211614715891747,0.11070615441465712,0.2,0.1129881529635092,34768077478.8591,0.012933524045702176,449673766.0956605,0.1129881529635092,0.0774101265349967
3364OT,336414,0.14215764090290028,0.058993217389231266,0.2,0.07562610209196508,23271237806.734802,0.014270057589722392,332081903.6862306,0.07562610209196508,0.05716700444309458
3364OT,33641A,0.024259206513474657,0.028331406229512104,0.2,0.027516966286304616,8467365743.507406,0.039689474667960724,336065298.18129563,0.027516966286304616,0.057852735066384255
3364OT,336500,0.04544922219530431,0.0381447354304991,0.2,0.039605632783460146,12187222050.256063,0.09160235688112245,1116378263.6370409,0.039605632783460146,0.19218150838418946
3364OT,336611,0.1300474227077873,0.0760629864943796,0.2,0.08685987373706115,26728030688.92885,0.03086518573486513,824965631.5409641,0.08685987373706115,0.14201560940298263
3364OT,336612,0.01026227907704265,0.031239942306087662,0.2,0.02704440966027866,8321953282.502536,0.03769606872932915,313704922.89948195,0.02704440966027866,0.054003456744092744
3364OT,336991,0.017953564866867954,0.022591815570204194,0.2,0.021664165429536947,6666374858.010315,0.08241807768391968,549429800.9176232,0.021664165429536947,0.09458285899223084
3364OT,336992,0.0037411549790791073,0.022842140396466842,0.2,0.019021943312989297,5853325163.374166,0.04514915828501089,264272704.29481745,0.019021943312989297,0.04549383357813144
3364OT,336999,0.019631092109253616,0.026144044057169424,0.2,0.024841453667586263,7644072083.212707,0.02001114801145405,152966657.86739337,0.024841453667586263,0.026332797761280696
337,337110,0.1780620224953277,0.19752665468899586,0.2,0.19363372825026226,14379876779.9158,0.0262964387605316,378139549.12704617,0.19363372825026226,0.16188197224417084
337,337121,0.11554958219094938,0.16146249983607203,0.2,0.1522799163070475,11308806850.638472,0.025700438889259356,290641299.3752716,0.1522799163070475,0.12442387173490253
337,337122,0.04344029231669627,0.05358477699238063,0.2,0.051555880057243764,3828709022.9709477,0.020725108072516544,79350408.27929212,0.051555880057243764,0.03397000028239901
337,337127,0.06359040516546832,0.06444336616264278,0.2,0.06427277396320788,4773107341.608282,0.02233271204246148,106596431.80789658,0.06427277396320788,0.04563405402870445
337,33712N,0.02657808430014891,0.04424743944500544,0.2,0.04071356841603414,3023523341.638957,0.030821127451048636,93188398.26387477,0.04071356841603414,0.03989405957683343
337,337215,0.07367234447297802,0.09570770986059565,0.2,0.09130063678307214,6780285225.782442,0.024386347576732404,165346392.18531418,0.09130063678307214,0.07078497906978742
337,33721A,0.26575799586019716,0.24949838039159114,0.2,0.25275030348531236,18770067864.972755,0.02307475840761968,433114781.278872,0.25275030348531236,0.1854169318268531
337,337900,0.2333492731982342,0.1335291726227165,0.2,0.15349319273782003,11398908744.209078,0.06926271284928938,789519343.1454072,0.15349319273782003,0.3379941312363493
339,339112,0.5938193986076796,0.27051817157390445,0.2,0.33517841698065953,53251056590.81903,0.015006817150499332,799128869.3293135,0.33517841698065953,0.23901355358372048
339,339113,0.10257174276941984,0.22117509301403238,0.2,0.1974544229651099,31370327320.417236,0.008878156698417176,278510681.63130164,0.1974544229651099,0.08330049167612996
339,339114,0.03096044646138719,0.030028895729853254,0.2,0.030215205876160046,4800403476.180533,0.02006915687848129,96340050.44347404,0.03021520587616005,0.02881459886220251
339,339115,0.01968847625595562,0.0408002669235176,0.2,0.0365779087900052,5811270034.916288,0.0023697022661433842,13770979.770912273,0.0365779087900052,0.004118798528875191
339,339116,0.013874753985384599,0.035688429746863336,0.2,0.03132569459456759,4976830998.334498,0.027658146510554142,137649920.91020298,0.03132569459456759,0.041170076579610866
339,339910,0.014412879986010844,0.05009852247760423,0.2,0.042961393979285556,6825438351.967078,0.011644096490851106,79476062.76266041,0.042961393979285556,0.023770704469341666
339,339920,0.0456020041298369,0.06544662473952924,0.2,0.06147770061759077,9767193675.986776,0.046498174788339265,454156678.737595,0.06147770061759078,0.13583491453631918
339,339930,0.026500456024139647,0.012685162451919143,0.2,0.015448221166363244,2454317037.976121,0.02798898144980714,68693834.04785925,0.015448221166363244,0.020545819348072123
339,339940,0.009613045613446659,0.017973269876044244,0.2,0.01630122502352473,2589836971.1480536,0.038335900336203106,99283732.0129459,0.01630122502352473,0.029695032318609697
339,339950,0.06565475146331606,0.086435374920521,0.2,0.08227925022908002,13072014151.948568,0.04078127282431407,533093375.49390906,0.08227925022908002,0.15944429860940576
339,339990,0.07730204470342299,0.16915018854621114,0.2,0.1507805597776535,23955075013.014637,0.03270044638275005,783341646.0578406,0.1507805597776535,0.23429171148771255
42,423100,0.03579298220237484,0.06845934833889236,0.2,0.06192607511158886,155507187533.67624,0.0036766585209166793,571746826.1094787,0.06192607511158887,0.022171742621876253
42,423400,0.060827795215884634,0.10348119574742153,0.2,0.09495051564111415,238437324109.67505,0.0026857969407844445,640394235.6625943,0.09495051564111415,0.024833817209376927
42,423600,0.06741628867466094,0.11697071762509788,0.2,0.1070598318350105,268845931483.47617,0.005455480251683486,1466683669.9535558,0.1070598318350105,0.05687645536958762
42,423800,0.11328875309467731,0.0900323617529928,0.2,0.0946836400213297,237767152829.17325,0.026995222806594703,6418577266.713186,0.0946836400213297,0.2489056985669053
42,423A00,0.10927024219671738,0.1422294578289938,0.2,0.13563761470253852,340609734238.1206,0.00859062072139876,2926049040.856124,0.13563761470253852,0.11346911477288621
42,424200,0.2277685898698657,0.10654816899563449,0.2,0.13079225317048074,328442185381.25525,0.0014030568957173622,460823073.0436504,0.13079225317048074,0.01787023574624879
42,424400,0.11325389240814132,0.08716485837143274,0.2,0.09238266517877446,231989003225.6866,0.009290522141678323,2155298971.0941253,0.09238266517877446,0.08358023495375451
42,424700,0.1063617464584594,0.07453920972222085,0.2,0.08090371706946856,203163360181.03134,0.02456108780009192,4989913127.168009,0.08090371706946856,0.19350360073517267
42,424A00,0.16582894194128742,0.18481677055308726,0.2,0.1810192048307273,454570831141.5477,0.01324179735468916,6019334829.3289995,0.1810192048307273,0.23342349532382556
42,425000,0.0001907679379310352,0.02575791106422632,0.2,0.020644482438967264,51841900142.82658,0.002668957735382507,138363840.40312448,0.020644482438967264,0.005365604700366136
441,441000,1.0,1.0,0.2,1.0,376761738435.6313,0.009182951505048676,3459784773.012236,1.0,1.0
445,445000,1.0,1.0,0.2,1.0,187381944849.94263,0.02726406894254249,5108794262.976531,1.0,1.0
452,452000,1.0,1.0,0.2,1.0,302477000000.0,0.00490310962268727,1483077889.3415773,1.0,1.0
481,481000,1.0,1.0,0.2,1.0,259086750547.74765,0.5270646689449979,136555472405.48387,1.0,1.0
482,482000,1.0,1.0,0.2,1.0,91367771140.9396,0.3444483619753073,31471479106.8314,1.0,1.0
483,483000,1.0,1.0,0.2,1.0,59524828512.6162,0.5482539235726871,32634720782.033188,1.0,1.0
484,484000,1.0,1.0,0.2,1.0,511414143541.6651,0.4499386205753794,230104974287.8759,1.0,1.0
485,485000,1.0,1.0,0.2,1.0,84649169785.47247,0.13710783779819263,11606064640.698229,1.0,1.0
486,486000,1.0,1.0,0.2,1.0,68588992916.93497,1.526560596414314,104705253934.73341,1.0,1.0
487OS,48A000,0.6926521229364468,0.5933950842267104,0.2,0.6132464919686578,203259887763.03723,0.04429215686509684,9002818833.182423,0.6132464919686578,0.2231601674413109
487OS,492000,0.3073478770635531,0.4066049157732896,0.2,0.38675350803134234,128189032736.33287,0.24447949939337957,31339590551.100204,0.38675350803134234,0.7768398325586892
493,493000,1.0,1.0,0.2,1.0,150645656489.7917,0.08523059308779006,12839618648.724436,1.0,1.0
4A0,444000,0.050555496514582125,0.14204721316159138,0.2,0.12374886983218954,182095991553.9879,0.018320936181861307,3336169040.233368,0.12374886983218954,0.5175150853451407
4A0,446000,0.09856238314387188,0.10905196701665833,0.2,0.10695405024210104,157382478368.9811,0.0028045958217772513,441394241.2545931,0.10695405024210103,0.06847020510020248
4A0,447000,0.045286031109579,0.10577922747871082,0.2,0.09368058820488447,137850629437.36002,0.0036797043643739527,507249562.77235013,0.09368058820488445,0.0786858512274472
4A0,448000,0.030620749200354448,0.139909367237288,0.2,0.11805164362990131,173712544854.07166,0.0014975353285864984,260140672.93763906,0.11805164362990131,0.04035368739818033
4A0,454000,0.5106183921845883,0.29466461116005177,0.2,0.3378553673649591,497152888794.75446,0.0018986610321759456,943924816.9883015,0.3378553673649591,0.14642403497303796
4A0,4B0000,0.26435694784702424,0.2085476139456997,0.2,0.21970948072596463,323301665711.0463,0.0029620546631748063,957637206.5315871,0.21970948072596463,0.14855113595599143
511,511110,0.07177912268822757,0.06774311602760597,0.2,0.06855031735973029,28556553643.68885,0.0033951608061108945,96954091.68865564,0.06855031735973029,0.13957357932481407
511,511120,0.020542501852603402,0.07184404029287866,0.2,0.06158373260482361,25654427746.549458,0.0008587189785379398,22029943.98949233,0.06158373260482361,0.03171395947695101
511,511130,0.04890559951737646,0.10011965354976524,0.2,0.0898768427432875,37440714791.37751,0.00316426920406543,118472500.79255287,0.08987684274328749,0.1705511412584691
511,5111A0,0.01958355445012957,0.028179578954471953,0.2,0.026460374053603478,11022809524.404707,0.003501818925000597,38599882.99923723,0.026460374053603478,0.055567782007832064
511,511200,0.839189221491663,0.7321136111752782,0.2,0.7535287332385552,313903487563.2612,0.0013334945813139492,418588599.7211595,0.7535287332385552,0.6025935379319337
512,512100,0.7147016839472252,0.8782864838686136,0.2,0.845569523884336,82757744295.68558,0.0019749540433562406,163442741.7158061,0.8455695238843359,0.9383644730949537
512,512200,0.2852983160527748,0.12171351613138638,0.2,0.15443047611566407,15114449483.859715,0.0007102853572041718,10735572.150587708,0.15443047611566407,0.06163552690504626
513,515100,0.32560708498310403,0.10997863163585152,0.2,0.15310432230530202,123277810377.84976,0.012722221360675095,1568367592.486334,0.15310432230530202,0.35510839201665256
513,515200,0.08675748483130187,0.12621719631285513,0.2,0.11832525401654448,95274111193.77216,0.02171623712783566,2068995190.827738,0.11832525401654448,0.46846004649986234
513,517110,0.22225831148469105,0.4035105832565758,0.2,0.36726012890219883,295713562154.48956,0.0009818182236678483,290336964.3090128,0.3672601289021989,0.06573783660967104
513,517210,0.15005413765753756,0.3034040894547935,0.2,0.27273409909534235,219602308057.66718,0.0014877973565485133,326723733.4201495,0.27273409909534235,0.07397649643128397
513,517A00,0.2153229810433655,0.056889499339924036,0.2,0.08857619568061234,71320517217.87152,0.0022737480077168397,162164883.93346992,0.08857619568061234,0.036717228442530045
514,518200,0.34959463283891157,0.4825368402030524,0.2,0.45594839873022425,208093880882.06558,0.004684683701145873,974854012.0764035,0.45594839873022425,0.6588106752463018
514,519130,0.37843199293833646,0.4943185862999896,0.2,0.471141267627659,215027873981.73267,0.0005620110283055914,120848036.5708387,0.471141267627659,0.08166964036578656
514,5191A0,0.271973374222752,0.02314457349695805,0.2,0.07291033364211684,33276121434.45954,0.011540285668348171,384015947.28830683,0.07291033364211684,0.2595196843879117
521CI,522A00,0.2381311028082863,0.3793862261015546,0.2,0.35113520144290095,398104866554.0734,0.008339651121206673,3320055696.7155113,0.35113520144290095,0.3528141416516738
521CI,52A000,0.7618688971917137,0.6206137738984454,0.2,0.6488647985570991,735660318247.0021,0.00827848894711376,6090155813.437998,0.6488647985570991,0.6471858583483262
523,523900,0.5114674805025619,0.6375772095165451,0.2,0.6123552637137485,386422577048.4466,0.005990237659288305,2314763073.4348416,0.6123552637137485,0.7858473589482741
523,523A00,0.48853251949743814,0.3624227904834549,0.2,0.38764473628625157,244620544398.5892,0.002578688325270928,630800141.9620606,0.38764473628625157,0.21415264105172596
524,524113,0.17396180656174462,0.08805396819005822,0.2,0.10523553586439549,130784392763.07521,0.0006753784496074881,88328960.41718252,0.10523553586439549,0.05746457059852929
524,5241XX,0.7006386708668835,0.5640469623720081,0.2,0.5913653040709832,734935699797.5994,0.0011925867735474852,876474594.9864823,0.5913653040709832,0.5702120346886863
524,524200,0.12539952257137185,0.3478990694379336,0.2,0.30339916006462125,377057755138.99866,0.0015178029807687804,572299384.6719571,0.30339916006462125,0.37232339471278436
525,525000,1.0,1.0,0.2,1.0,165902826553.6723,0.09035410896324422,14990002067.740715,1.0,1.0
532RL,532100,0.31106605926024256,0.19712958449230064,0.2,0.21991687944588903,116511536831.01884,0.02938184521132596,3423323940.5026994,0.21991687944588903,0.468481242058642
532RL,532400,0.24653048171300365,0.2675938405069825,0.2,0.26338116874818673,139538833128.77643,0.020294083935645805,2831812791.7974625,0.26338116874818673,0.3875330518046192
532RL,532A00,0.19268311250797407,0.08448369798984888,0.2,0.10612358089347391,56224067634.38972,0.012556695600639564,705988502.7148026,0.10612358089347391,0.09661439477515052
532RL,533000,0.2497203465187797,0.450792877010868,0.2,0.41057837091245036,217523625767.6896,0.001591346541031858,346155469.4581212,0.41057837091245036,0.04737131136158835
5411,541100,1.0,1.0,0.2,1.0,375780484811.2153,0.0006059110000600519,227689529.3550146,1.0,1.0
5412OP,541200,0.0529367903449232,0.12489323170958151,0.2,0.11050194343664986,183337051483.7133,0.0060959170215277095,1117607452.8162699,0.11050194343664985,0.03430265583536975
5412OP,541300,0.27738765451055103,0.240709065237701,0.2,0.24804478309227102,411538455829.28784,0.017494287077007266,7199571889.505836,0.24804478309227104,0.22097601091098065
5412OP,541400,0.03880685101447719,0.02634018325188724,0.2,0.02883351680440523,47838542838.44639,0.005192704065953148,248411395.90647438,0.02883351680440523,0.0076244754791953
5412OP,541610,0.301054287953004,0.18395967089516427,0.2,0.20737859430673222,344067975988.4061,0.008628846780558183,2968909846.9007287,0.2073785943067322,0.09112456473679074
5412OP,5416A0,0.03887659288437379,0.03890552763014081,0.2,0.03889974068098741,64539713403.519325,0.01383217358163742,892724518.7066106,0.03889974068098741,0.027400337966449865
5412OP,541700,0.12820591228632494,0.18597452415748622,0.2,0.17442080178325398,289386724991.85205,0.05964748262254728,17261189650.14736,0.17442080178325395,0.5297966172165379
5412OP,541800,0.09853254663857845,0.0944294076826566,0.2,0.09525003547384098,158032158660.67062,0.01453721859503496,2297348035.495416,0.09525003547384098,0.07051235994989137
5412OP,541920,0.006624766904035295,0.009418911076304467,0.2,0.008860082241850633,14700025208.654833,0.003293361325066197,48412494.49968198,0.008860082241850633,0.0014859216738127197
5412OP,541940,0.01868112801805926,0.031033983081640515,0.2,0.028563412068924265,47390404061.38264,0.0024754437374762414,117312278.95021829,0.028563412068924265,0.0036006584601344623
5412OP,5419A0,0.03889346944567284,0.06433549527743736,0.2,0.059247090111084456,98298604279.14847,0.004367278510923449,429297382.1220929,0.059247090111084456,0.013176397770837225
5415,541511,0.3909245896771637,0.32360077389917885,0.2,0.3370655370547758,183145545085.89838,0.012779994900010963,2340599132.157509,0.3370655370547758,0.4531545105885163
5415,541512,0.5827256887499471,0.5721980291199523,0.2,0.5743035610459513,312049519068.57355,0.00838024183086482,2615050432.999709,0.5743035610459513,0.5062899848373206
5415,54151A,0.026349721572889173,0.1042011969808689,0.2,0.08863090189927296,48157859689.93693,0.00434974066233639,209474200.5044092,0.08863090189927296,0.04055550457416321
55,550000,1.0,1.0,0.2,1.0,670975295723.873,0.0024882731866423223,1669569837.2491162,1.0,1.0
561,561100,0.11458287800477772,0.06927574917727797,0.0,0.06927574917727797,78096575647.71231,0.006437911121716877,502778812.9304105,0.06927574917727797,0.03106484317253819
561,561200,0.016049359780919707,0.0315657049439953,0.0,0.0315657049439953,35584941242.91127,0.01714669029794321,610163966.7627059,0.0315657049439953,0.03769977463159485
561,561300,0.09643465424217093,0.41148766874848336,0.0,0.41148766874848336,463882068864.8295,0.0009691549748110746,449573614.766003,0.41148766874848336,0.027777490773363205
561,561400,0.055201355395732475,0.08549497426465892,0.0,0.08549497426465892,96380981865.28345,0.00479830559295769,462465404.33894324,0.08549497426465892,0.028574026766919843
561,561500,0.05665635708835786,0.06289938737542095,0.0,0.06289938737542095,70908316729.83919,0.0024853205539176913,176229897.01237503,0.06289938737542095,0.01088859349719599
561,561600,0.04500672128729583,0.07149167060466344,0.0,0.07149167060466344,80594648601.64519,0.006681566657784415,538498516.8926039,0.07149167060466344,0.033271831560309835
561,561700,0.05879560318189592,0.20857440259524632,0.0,0.20857440259524632,235132016671.1201,0.05308677564402429,12482400615.74673,0.20857440259524632,0.7712413641396553
561,561900,0.5572730710188496,0.059210442290253774,0.0,0.059210442290253774,66749661178.28714,0.014422642905408144,962706527.2314204,0.059210442290253774,0.059482075458422844
562,562000,1.0,1.0,0.2,1.0,135542031799.78928,0.7542874856468741,102237658365.7317,1.0,1.0
61,611100,0.5453364058989343,0.13456551477191028,0.2,0.21671969299731508,82626130800.25166,0.10008037201993907,8269253909.057332,0.2167196929973151,0.4636663366973447
61,611A00,0.4043718943559652,0.6556540567154074,0.2,0.6053976242435191,230812726776.6401,0.0357512184725533,8251836221.237414,0.6053976242435191,0.46268970741566867
61,611B00,0.0502916997451005,0.20978042851268222,0.2,0.1778826827591659,67819207426.34405,0.01936623333436674,1313402595.5703964,0.1778826827591659,0.07364395588698662
621,621100,0.2624258968502983,0.46129377600635624,0.2,0.4215202001751447,491375687152.81793,0.006604717188501976,3245397446.9501863,0.4215202001751447,0.38719916948074634
621,621200,0.04311780829224534,0.12098096302084985,0.2,0.10540833207512895,122876890795.572,0.0026553128305799954,326276584.7112593,0.10540833207512895,0.03892713440689198
621,621300,0.037201313403237304,0.09742766712610064,0.2,0.08538239638152798,99532201956.8577,0.011810075452817337,1175482815.095543,0.08538239638152798,0.14024352246027696
621,621400,0.11633225215817297,0.15231355156136053,0.2,0.14511729168072302,169166528407.75497,0.005220583769475797,883148032.544092,0.14511729168072302,0.10536588825229216
621,621500,0.30945780412114404,0.051358998222568716,0.2,0.10297875940228379,120044682656.76643,0.004487021425573007,538643063.1070234,0.10297875940228379,0.06426397693681489
621,621600,0.10918094541496318,0.08415661538289376,0.2,0.08916148138930764,103937567326.6195,0.008177673941595609,849967535.8797355,0.08916148138930764,0.10140721725393086
621,621900,0.12228397975993882,0.032468428679870265,0.2,0.050431538895883976,58789192235.25335,0.02318131497603324,1362810782.3919754,0.050431538895883976,0.16259309120904672
622,622000,1.0,1.0,0.2,1.0,977360847363.2911,0.019015641547064144,18585143535.595215,1.0,1.0
623,623A00,0.8677988508369094,0.7738099631374575,0.2,0.792607740677348,201626820163.62503,0.008803190220717119,1774959251.498713,0.792607740677348,0.7716440054241649
623,623B00,0.13220114916309053,0.2261900368625425,0.2,0.2073922593226521,52757296740.555695,0.009956375854063436,525271475.39332837,0.2073922593226521,0.22835599457583516
624,624100,0.695935914118773,0.5266447764119883,0.2,0.5605030039533453,138363187171.16214,0.0038911706550005722,538394773.6527778,0.5605030039533453,0.34312684780575076
624,624400,0.18429941749696901,0.2363256450125416,0.2,0.2259203995094271,55769668142.061386,0.013082205952539457,729590284.5392256,0.2259203995094271,0.464978537635464
624,624A00,0.11976466838425795,0.23702957857547013,0.2,0.21357659653722771,52722533855.536606,0.005711006403309221,301098728.44765675,0.21357659653722771,0.1918946145587852
711AS,711100,0.13373721058279542,0.1402168778830789,0.2,0.13892094442302222,27983715128.996307,0.0025182811040494525,70470861.03045419,0.13892094442302222,0.08413982214535598
711AS,711200,0.178727289687207,0.25557520878767476,0.2,0.24020562496758122,48386122117.10072,0.0033321660465778914,161230593.2441746,0.24020562496758122,0.19250386956521698
711AS,711500,0.06188759031555858,0.23342512286061726,0.2,0.19911761635160552,40109507434.536964,0.00046138561644264,18505949.81289449,0.19911761635160552,0.02209547752247452
711AS,711A00,0.3236790044438847,0.2652633588937017,0.2,0.2769464880037383,55787064063.38153,0.0031718490551258817,176948146.43768373,0.2769464880037383,0.2112700959306153
711AS,712000,0.3019689049705543,0.1055194315749274,0.2,0.1448093262540528,29169848727.60298,0.01406894977871869,410389136.8014676,0.1448093262540528,0.48999073483633726
713,713100,0.11319422216649491,0.15614739146296971,0.2,0.14755675760367476,27420404965.216766,0.029237429553106636,801702158.4881806,0.14755675760367476,0.03341168213199795
713,713200,0.20537207427020043,0.23973263146922397,0.2,0.2328605200294193,43272364229.9567,0.1162297498154458,5029536068.370713,0.23286052002941932,0.2096105874340096
713,713900,0.6814337035633047,0.6041199770678063,0.2,0.6195827223669059,115136774707.28679,0.1577552261293725,18163427929.754646,0.6195827223669059,0.7569777304339924
721,721000,1.0,1.0,0.2,1.0,299057105659.26904,0.014536926223885666,4347371081.697575,1.0,1.0
722,722110,0.37134792003075584,0.45471603488556994,0.2,0.4380424119146072,441399520566.84784,0.010862632894271659,4794760951.625181,0.4380424119146072,0.4016927382740611
722,722211,0.4943332561292741,0.4168299634264186,0.2,0.4323306219669897,435643956092.081,0.013597817158563019,5923806861.173173,0.4323306219669897,0.4962813001688386
722,722A00,0.13431882383997007,0.12845400168801144,0.2,0.1296269661184032,130620412866.21407,0.009323363641825198,1217821608.1970565,0.1296269661184032,0.10202596155710031
81,811100,0.11061972506499691,0.19434683308952047,0.2,0.17760141148461578,144447478034.10815,0.006864722015145975,991591782.4930569,0.17760141148461578,0.1048249090998394
81,811200,0.023839499762141638,0.030274645671957194,0.2,0.028987616489994088,23576322176.709026,0.004464953135259968,105267173.62079608,0.028987616489994084,0.011128190149230312
81,811300,0.030705469017471898,0.06079051796009745,0.2,0.054773508171572345,44548604948.162735,0.04177492523339665,1861014640.9616222,0.054773508171572345,0.19673488023650323
81,811400,0.025691092087048804,0.03518240823161141,0.2,0.03328414500269889,27070791633.758396,0.00556003015604901,150514417.83181593,0.03328414500269889,0.01591144707529464
81,812100,0.0459973826499462,0.11423702560528837,0.2,0.10058909701421995,81811519739.47525,0.004406795204551617,360526612.8649995,0.10058909701421995,0.038112628693462554
81,812200,0.018081506585140707,0.03342469850199682,0.2,0.0303560601186256,24689310127.28502,0.0013438964035047878,33179875.08507267,0.0303560601186256,0.0035075697995320186
81,812300,0.01852391032641103,0.04147263911792878,0.2,0.03688289335962523,29997739791.95155,0.020913463174564318,627356626.4591414,0.03688289335962523,0.06632023631379969
81,812900,0.040638085356232874,0.096946296748237,0.2,0.08568465446983617,69689379948.7845,0.006974129223326882,486022741.25634843,0.08568465446983617,0.051379297985467344
81,813100,0.12244826219706045,0.14167196847972216,0.2,0.13782722722318982,112098182161.9604,0.009670081561625035,1083998564.4160578,0.13782722722318982,0.11459357871399595
81,813A00,0.13774415515279356,0.08415846472660278,0.2,0.09487560281184095,77164598178.45131,0.0016729381377194623,129091599.17452894,0.09487560281184093,0.013646760076007033
81,813B00,0.42571091180075593,0.14113732001461465,0.2,0.19805203837184293,161080462273.26987,0.022541164880158514,3630941259.0739293,0.19805203837184293,0.3838405018568678
81,814000,0.0,0.026357181852422917,0.2,0.021085745481938336,17149541390.885372,0.0,0.0,0.021085745481938336,0.0
GFE,491000,0.0,0.8833656367574962,0.0,0.8833656367574962,91882522175.83992,0.04686902448569107,4306444181.666494,0.8833656367574962,0.27003148992955767
GFE,S00102,1.0,0.1166343632425037,0.0,0.1166343632425037,12131623668.802818,0.959598599840523,11641489086.375334,0.11663436324250369,0.7299685100704424
GFGD,S00500,1.0,1.0,0.2,1.0,705384241535.1094,0.009358456419189025,6601307683.189026,1.0,1.0
GFGN,S00600,1.0,1.0,0.2,1.0,519075501560.8665,0.07902332823590563,41019073739.0617,1.0,1.0
GSLE,S00203,1.0,1.0,0.2,1.0,399402511194.9915,0.634743697972121,253518226935.26038,1.0,1.0
GSLG,GSLGE,0.0013365063734126189,0.44954834842511443,0.0,0.44954834842511443,1139909415509.5015,0.05040875733216237,57461417107.065506,0.44954834842511443,0.3252883844307636
GSLG,GSLGH,3.965068101234039e-05,0.1379244081370006,0.0,0.1379244081370006,349731751912.1798,0.03126493083737824,10934339035.169426,0.1379244081370006,0.061899160491312485
GSLG,GSLGO,0.998623842945575,0.41252724343788494,0.0,0.41252724343788494,1046035850418.3411,0.10348771338084756,108251858274.1844,0.41252724343788494,0.6128124550779239
HS,531HSO,0.5,0.763775469811908,0.2,0.7110203758495265,1548850345053.7173,0.01775927080761848,27506452718.28229,0.7110203758495265,0.7067369768064384
HS,531HST,0.5,0.23622453018809195,0.2,0.28897962415047357,629498402270.3695,0.018131738517590486,11413900427.207329,0.28897962415047357,0.2932630231935615
ORE,531ORE,1.0,1.0,0.2,1.0,1683949018832.8154,0.026677510325182507,44923567336.993385,1.0,1.0
