BEA_Summary,BEA_Detail,DnB_Share_CA,X_Share_US,alpha_CA,CA_Share_Used,DetailedOutput_CA_CA,D_cal_CA,CA_Direct_Emissions,CA_Output_Weight,CA_Emissions_Weight
111CA,1111A0,0.000507712314859919,0.09662216828478964,0.0,0.09662216828478964,7286162143.935558,0.0010430298313117686,7599684.471899299,0.09662216828478964,0.05838803381036683
111CA,1111B0,0.01812092735664997,0.14633394012944984,0.0,0.14633394012944984,11034867400.217245,0.002038121467059421,22490400.13453695,0.14633394012944984,0.17279273216139684
111CA,111200,0.1274675994453727,0.04754500404530744,0.0,0.04754500404530744,3585311888.128223,0.0011641165358371522,4173720.8551035863,0.04754500404530744,0.03206650951153469
111CA,111300,0.21498355718930992,0.07572815533980583,0.0,0.07572815533980583,5710569618.357699,0.000716289733209934,4090422.388410191,0.07572815533980583,0.03142653114037605
111CA,111400,0.13216646369058044,0.05023260517799353,0.0,0.05023260517799353,3787980674.997689,0.0007222851596004195,2736002.2264040103,0.05023260517799353,0.021020581984845473
111CA,111900,0.3130859376738562,0.06719002831715211,0.0,0.06719002831715211,5066719671.736641,0.0013615776069780554,6898732.045871814,0.06719002831715211,0.053002647864189116
111CA,112120,0.05891348682621747,0.0974463996763754,0.0,0.0974463996763754,7348316447.340493,0.002408158535532288,17695910.97445531,0.0974463996763754,0.13595688769740663
111CA,1121A0,0.013183274039569181,0.22261579692556635,0.0,0.22261579692556635,16787190983.132248,0.0031079901729173334,52174424.606461495,0.22261579692556635,0.40085375639248977
111CA,112300,0.055771040243448256,0.11267951051779936,0.0,0.11267951051779936,8497027116.0973425,0.00016413072673607815,1394623.235661219,0.11267951051779936,0.010714827561276341
111CA,112A00,0.06580000122013598,0.08360639158576051,0.0,0.08360639158576051,6304657990.780328,0.0017295675660983045,10904331.976196159,0.08360639158576051,0.08377749187611824
113FF,113000,0.025125303028893355,0.35215436493068564,1.0,0.025125303028893355,560854735.7396505,0.00039760992110441745,223001.40722848132,0.025125303028893358,0.021648629020972057
113FF,114000,0.0067391263597916876,0.16736605470213564,1.0,0.0067391263597916876,150432849.6770992,0.00033148348523005436,49866.0053040537,0.0067391263597916876,0.004840914068668746
113FF,115000,0.9681355706113149,0.4804795803671787,1.0,0.9681355706113149,21611019735.401794,0.00046402626809137113,10028080.837467466,0.968135570611315,0.9735104569103592
211,211000,1.0,1.0,1.0,1.0,13964482999.84205,0.6932833453497594,9681343490.21034,1.0,1.0
212,212100,0.02392334953333767,0.36246710913875035,0.0,0.36246710913875035,1985087036.9000347,0.6923304044114841,1374336111.0489957,0.36246710913875035,0.7710966834418193
212,212230,0.002903749237661098,0.13366453285158858,0.0,0.13366453285158858,732027057.8134533,0.0477310192808982,34940397.61063312,0.13366453285158858,0.019603956047646306
212,2122A0,0.06824948853767811,0.1564721360405294,0.0,0.1564721360405294,856935156.4839876,0.30496159822417174,261332314.89583755,0.1564721360405294,0.1466253267103228
212,212310,0.14858811169085628,0.16447394258335624,0.0,0.16447394258335624,900757842.8449368,0.06284093042259234,56604460.92982304,0.16447394258335624,0.031758979291960504
212,2123A0,0.7563353010004669,0.18292227938577543,0.0,0.18292227938577543,1001791987.2280335,0.0550017598535337,55100322.3047106,0.18292227938577543,0.030915054508251175
213,213111,0.3358540175965285,0.25256719600471356,1.0,0.3358540175965285,800730345.089673,0.9500804589579614,760758253.7643634,0.3358540175965285,0.2992728341722299
213,21311A,0.6641459824034714,0.7474328039952864,1.0,0.6641459824034714,1583431532.2043314,1.1249391771456732,1781264164.904453,0.6641459824034714,0.7007271658277701
22,221100,0.755413336690255,0.8213899276751647,1.0,0.755413336690255,64289659649.262794,1.9622145203661692,126150103673.18245,0.755413336690255,0.9532077958202744
22,221200,0.13904952647405627,0.14669349582692662,1.0,0.13904952647405627,11833848169.235739,0.3233973757712538,3827035443.2062945,0.13904952647405627,0.02891761412099607
22,221300,0.10553713683568869,0.031916576497908716,1.0,0.10553713683568869,8981767037.965546,0.2633748674577349,2365571703.160428,0.10553713683568869,0.01787459005872951
23,230301,0.1169904081238652,0.12745876524182545,1.0,0.1169904081238652,32785589080.0788,0.008731792490168873,286276960.51519465,0.1169904081238652,0.1084600341848958
23,230302,0.053631217186451106,0.05105207490349986,1.0,0.053631217186451106,15029702663.125927,0.006282531771835066,94424584.50232275,0.053631217186451106,0.03577407572228619
23,233210,0.10130757849914382,0.028532101545206297,1.0,0.10130757849914382,28390606483.34646,0.008072872440113333,229193744.63751054,0.10130757849914382,0.08683325872124896
23,233230,0.05781530176774105,0.040260409372253204,1.0,0.05781530176774105,16202257575.60411,0.008695158100135563,140881191.19899687,0.05781530176774105,0.05337481153199903
23,233240,0.0762124537129026,0.06469295813563823,1.0,0.0762124537129026,21357906432.55342,0.026945510540130807,575499692.8934958,0.0762124537129026,0.21803611527904498
23,233262,0.10130757849914382,0.06006678170847864,1.0,0.10130757849914382,28390606483.34646,0.008231436804356557,233695483.10502192,0.10130757849914382,0.08853880536111497
23,2332A0,0.10130757849914382,0.1015540784181265,1.0,0.10130757849914382,28390606483.34646,0.00743886250287249,211193818.0027746,0.10130757849914382,0.08001373452825875
23,2332C0,0.07290575000318666,0.08592774165909896,1.0,0.07290575000318666,20431230213.751484,0.008684188232569973,177428648.99918872,0.07290575000318666,0.06722132756055471
23,2332D0,0.052408098756367885,0.07234896326118821,1.0,0.052408098756367885,14686933893.548489,0.007557305887686457,110993651.98577577,0.052408098756367885,0.04205149889470309
23,233411,0.1397192637789787,0.16136800473010696,1.0,0.1397192637789787,39155161882.83377,0.007556938370582762,295893145.23876613,0.1397192637789787,0.1121032603878353
23,233412,0.07246876756644743,0.047588779811112585,1.0,0.07246876756644743,20308769519.444176,0.008637661088362282,175420268.23062092,0.07246876756644743,0.06646042439034101
23,2334A0,0.05392600360662795,0.15914934121346508,1.0,0.05392600360662795,15112314106.177504,0.0071841007666737155,108568387.35640381,0.05392600360662795,0.04113265343771725
311FT,311111,0.009100090983789878,0.024436563562345238,1.0,0.009100090983789878,1060021441.5395715,0.010742302542838129,11387071.026913479,0.009100090983789878,0.0047289289761521915
311FT,311119,0.009509625006764685,0.03325324212028371,1.0,0.009509625006764685,1107725892.6452308,0.011938556872201616,13224648.56815539,0.009509625006764685,0.005492055302506614
311FT,311210,0.004271476666724501,0.0172231082385529,1.0,0.004271476666724501,497561712.4960053,0.021327712635719354,10611853.222651213,0.004271476666724501,0.004406989301872442
311FT,311221,0.014442296675698867,0.010222646577412179,1.0,0.014442296675698867,1682306711.942427,0.18860108466787173,317284870.61638254,0.014442296675698867,0.13176501795819623
311FT,311224,0.00020016034170617085,0.03481554538968397,1.0,0.00020016034170617085,23315618.968247402,0.019545921002263378,455725.2464722373,0.00020016034170617085,0.00018925782741787382
311FT,311225,0.03542738059686821,0.009955092961766063,1.0,0.03542738059686821,4126748086.053027,0.02093940061662027,86411631.41773528,0.03542738059686821,0.03588582759535784
311FT,311230,0.0005118112826356527,0.010637092374197339,1.0,0.0005118112826356527,59618187.83813038,0.11776735048138562,7021076.022198182,0.0005118112826356527,0.002915777882360321
311FT,311300,0.043122272669924744,0.038878163428043816,1.0,0.043122272669924744,5023085342.713707,0.0742362833485807,372895186.78579736,0.043122272669924744,0.1548593883090073
311FT,311410,0.05255399846508764,0.03407164141520124,1.0,0.05255399846508764,6121737168.437628,0.02865631910353737,175426453.76673394,0.05255399846508764,0.07285273258069705
311FT,311420,0.07090142903774527,0.0351817266126663,1.0,0.07090142903774527,8258932262.291078,0.03885458573033249,320897391.6261976,0.07090142903774527,0.13326525934949837
311FT,311513,0.008620187142333617,0.050239224409283585,1.0,0.008620187142333617,1004119982.6720709,0.012694125248514444,12746424.82457542,0.008620187142333617,0.005293454089538483
311FT,311514,0.007013434385392568,0.025054559952994503,1.0,0.007013434385392568,816957856.8598946,0.022608320514969638,18470045.075111184,0.0070134343853925675,0.007670412447598938
311FT,31151A,0.019180306661773838,0.04601082805220968,1.0,0.019180306661773838,2234212421.9418693,0.01573178272796155,35148144.39010224,0.019180306661773838,0.014596648960166225
311FT,311520,0.007771915240215202,0.008177697569983633,1.0,0.007771915240215202,905309277.8007888,0.016397387349491643,14844706.89918807,0.007771915240215202,0.006164848224107788
311FT,311615,0.02060818164775678,0.07088282200864565,1.0,0.02060818164775678,2400538022.8260903,0.012947301811383535,31080490.29123129,0.02060818164775678,0.01290739565809659
311FT,31161A,0.04594331036580514,0.156012087128048,1.0,0.04594331036580514,5351693095.136334,0.01778206234153589,95164140.25048147,0.04594331036580514,0.03952065103111017
311FT,311700,0.017339287861194284,0.014515045956268098,1.0,0.017339287861194284,2019761884.4287763,0.0267152638384416,53958471.63334275,0.017339287861194284,0.02240837695775439
311FT,311810,0.02133461791297318,0.04532777940991312,1.0,0.02133461791297318,2485156739.1018934,0.014259444304918819,35436954.11021712,0.02133461791297318,0.014716588552254274
311FT,3118A0,0.08876670856406207,0.027872791371133587,1.0,0.08876670856406207,10339964132.272104,0.01576235754886777,162982211.69534117,0.08876670856406207,0.06768477176104697
311FT,311910,0.033985766789586015,0.04091262013681957,1.0,0.033985766789586015,3958822122.580714,0.015586045734372842,61702382.65678998,0.033985766789586015,0.025624340495785478
311FT,311920,0.027563135552268206,0.014480421370713896,1.0,0.027563135552268206,3210683797.9435077,0.006452708466391284,20717606.525895394,0.027563135552268202,0.008603800712691461
311FT,311930,0.004590736785568621,0.01237776472069501,1.0,0.004590736785568621,534750634.2338293,0.005966291401206475,3190478.1108190045,0.004590736785568621,0.00132497148304175
311FT,311940,0.01595092975645101,0.02283543878792966,1.0,0.01595092975645101,1858039395.9190838,0.00776837014307869,14433937.767921776,0.01595092975645101,0.005994260191174393
311FT,311990,0.11030119728660039,0.03129642842153859,1.0,0.11030119728660039,12848402764.275324,0.010520678271976577,135173911.79171517,0.11030119728660039,0.05613628182180121
311FT,312110,0.15408903944458724,0.04725416544256516,1.0,0.15408903944458724,17949016774.497643,0.013213199489887906,237163939.28878173,0.15408903944458724,0.09849165092150265
311FT,312120,0.012390694808105205,0.034067444495740125,1.0,0.012390694808105205,1443326467.3464322,0.018105789575591794,26132565.306656763,0.012390694808105203,0.010852575259059867
311FT,312130,0.15933697320306187,0.023156503126705,1.0,0.15933697320306187,18560320806.25642,0.006063294885216197,112536698.2125463,0.15933697320306187,0.046735288802537155
311FT,312140,0.002406304106805078,0.017089856045662485,1.0,0.002406304106805078,280297631.37772673,0.0734832838192036,20597190.400380004,0.002406304106805078,0.00855379318188746
311FT,312200,0.0027667307585141103,0.06376169891299786,1.0,0.0027667307585141103,322281824.67804193,0.0026797207925981165,863625.3066662097,0.0027667307585141103,0.0003586543657784803
313TT,313100,0.005685000580107284,0.14247479524279075,1.0,0.005685000580107284,20340977.03779378,0.005967725284592337,121389.36298175408,0.005685000580107284,0.0028817824220137354
313TT,313200,0.31466745875342683,0.2671804881975329,1.0,0.31466745875342683,1125882656.0970356,0.014043454675768908,15811282.051133033,0.31466745875342683,0.3753596984548411
313TT,313300,0.11302438021046236,0.14162960577948605,1.0,0.11302438021046236,404402126.29292345,0.01844568092795436,7459472.588185569,0.11302438021046238,0.17708781440230154
313TT,314110,0.04210382406011092,0.19624494395588915,1.0,0.04210382406011092,150647815.48252076,0.00990644626911812,1492384.4896376126,0.04210382406011092,0.03542919481149308
313TT,314120,0.1899219470463551,0.0705934437445918,1.0,0.1899219470463551,679542228.607845,0.011204636649058655,7614023.759242454,0.1899219470463551,0.18075685785976092
313TT,314900,0.33459738934953753,0.18187672307970942,1.0,0.33459738934953753,1197192105.393989,0.008039196288094654,9624462.32981958,0.33459738934953753,0.22848465204958976
315AL,315000,0.6405211124383721,0.6926506177556999,1.0,0.6405211124383721,4385400094.779891,0.23519283541609864,1031414682.7253103,0.6405211124383721,0.5618364652237587
315AL,316000,0.35947888756162794,0.3073493822443001,1.0,0.35947888756162794,2461212779.6736946,0.3268213777607662,804376951.6153619,0.35947888756162794,0.43816353477624126
321,321100,0.21828253606160597,0.30436867243255206,1.0,0.21828253606160597,2488427881.483925,0.1892308095436427,470887222.5041748,0.21828253606160597,0.32174507355575405
321,321200,0.08911260730328678,0.2265568812584137,1.0,0.08911260730328678,1015886568.8762301,0.2861989909303368,290745710.9120591,0.08911260730328678,0.19865903272113333
321,321910,0.40605484694906746,0.23656112268795987,1.0,0.40605484694906746,4629038221.70442,0.06683481098632144,309380894.59607244,0.4060548469490675,0.21139197228414025
321,3219A0,0.2865500096860398,0.23251332362107438,1.0,0.2865500096860398,3266679260.776882,0.12016102610249609,392527531.92269355,0.2865500096860398,0.2682039214389724
322,322110,0.003517287548499944,0.03682494791722887,1.0,0.003517287548499944,35112715.55848549,0.28348033394056565,9953764.332079563,0.0035172875484999434,0.01517155180995073
322,322120,0.15972942991528016,0.20367871676687427,1.0,0.15972942991528016,1594562276.0715737,0.30132561767272853,480482462.75489885,0.15972942991528016,0.7323525386235155
322,322130,0.01222584438681338,0.1772379400049654,1.0,0.01222584438681338,122049332.19053005,0.3232324348227809,39450302.81243944,0.01222584438681338,0.06013024751934481
322,322210,0.48443259215242834,0.3494349154262152,1.0,0.48443259215242834,4836040153.373972,0.015064634566561937,72853177.65979902,0.48443259215242834,0.11104299062244977
322,322220,0.1425987491140635,0.11583963903671161,1.0,0.1425987491140635,1423548472.394118,0.014974148679676664,21316426.478356116,0.1425987491140635,0.03249054909579311
322,322230,0.10569416679930711,0.030704547662482054,1.0,0.10569416679930711,1055133867.7436117,0.0038875442612939467,4101879.612443564,0.10569416679930711,0.006252094884123756
322,322291,0.011063920775934374,0.06142528686002958,1.0,0.011063920775934374,110449969.70255758,0.16962065055407607,18734595.71462581,0.011063920775934374,0.028555316364773105
322,322299,0.08073800930767319,0.024854006325493033,1.0,0.08073800930767319,805999144.6498957,0.011399791868698305,9188222.49535767,0.08073800930767319,0.014004711080049248
323,323110,0.9852835436606404,0.9619550323495418,1.0,0.9852835436606404,7101185768.084251,0.0012750811651104556,9054588.222834652,0.9852835436606404,0.9895334542238499
323,323120,0.014716456339359543,0.03804496765045814,1.0,0.014716456339359543,106065194.11196773,0.0009029604100308674,95772.67116534592,0.014716456339359545,0.01046654577615023
324,324110,0.5486111086478486,0.9181303047794752,1.0,0.5486111086478486,87402210631.19965,0.22840891345972214,19963443964.250088,0.5486111086478486,0.33170129253463093
324,324121,0.04910447563439462,0.024551628392135608,1.0,0.04910447563439462,7823100288.490304,1.521684413583421,11904289774.89566,0.04910447563439462,0.1977949452063899
324,324122,0.07194035999432107,0.02019180263668304,1.0,0.07194035999432107,11461208856.31585,0.5852458709505403,6707625159.260614,0.07194035999432107,0.11145010546020451
324,324190,0.3303440557234357,0.03712626419170612,1.0,0.3303440557234357,52628902849.35485,0.41060415428580127,21609646145.448944,0.3303440557234357,0.35905365679877466
325,325110,0.005582798045255569,0.06926671326187316,0.0,0.06926671326187316,10337526358.378637,0.07587356961320724,784345025.7808062,0.06926671326187316,0.12071598492875352
325,325120,0.0008954197798368122,0.012261268778102468,0.0,0.012261268778102468,1829900441.52373,0.18346225861020807,335717668.0337605,0.012261268778102468,0.05166921140901744
325,325130,0.0003672821038425153,0.00891868029086653,0.0,0.00891868029086653,1331044714.6556518,0.011145261116635021,14834840.902754193,0.00891868029086653,0.002283181982386653
325,325180,0.005222773766128818,0.04025544735870344,0.0,0.04025544735870344,6007817154.043883,0.10436355125146268,626997133.4654754,0.04025544735870344,0.09649908398213262
325,325190,0.005047504748680549,0.14868896677472154,0.0,0.14868896677472154,22190689305.880928,0.09490422691461878,2105990213.2771277,0.14868896677472154,0.3241260854468791
325,325211,0.00870453027567789,0.11335668204649213,0.0,0.11335668204649213,16917616462.090372,0.06174396651306783,1044560744.3162329,0.11335668204649213,0.16076493752544638
325,3252A0,0.0049814300227850146,0.01935660282612279,0.0,0.01935660282612279,2888824696.6072307,0.03689638115665625,106587177.10078223,0.01935660282612279,0.016404484814176883
325,325310,0.02034839565837067,0.021918487350934737,0.0,0.021918487350934737,3271166337.4216404,0.22626645425423675,740155208.4442128,0.021918487350934737,0.11391487425899664
325,325320,0.00840525959117044,0.01904994333188096,0.0,0.01904994333188096,2843058116.160618,0.028297637222759114,80451827.17433411,0.01904994333188096,0.012382078342371835
325,325411,0.06516775870712158,0.01917260712957769,0.0,0.01917260712957769,2861364748.3392625,0.01108203836830767,31709753.926818725,0.01917260712957769,0.004880344811664648
325,325412,0.4284536982578203,0.23820798413548216,0.0,0.23820798413548216,35550716914.587944,0.0023769634499100378,84502754.7240741,0.23820798413548216,0.01300554339023783
325,325413,0.0012840318134852335,0.022516473364706302,0.0,0.022516473364706302,3360411169.292535,0.0020696466149315467,6954863.601304456,0.022516473364706302,0.0010704003749380955
325,325414,0.29227389349442634,0.04595292521213809,0.0,0.04595292521213809,6858122079.924908,0.006912738413498819,47408403.946361326,0.04595292521213809,0.0072964728380703146
325,325510,0.02777956642060792,0.035615944760403105,0.0,0.035615944760403105,5315406930.703673,0.004632042306868538,24621189.78124166,0.035615944760403105,0.0037893670219959477
325,325520,0.011218246064572009,0.019221161549499315,0.0,0.019221161549499315,2868611123.576643,0.026559421106559906,76188650.82203402,0.019221161549499315,0.011725946773512118
325,325610,0.07812830892921788,0.05063459349089668,0.0,0.05063459349089668,7556825208.076529,0.025958782446254308,196165981.56082904,0.05063459349089668,0.030191266464726606
325,325620,0.024441685017110838,0.05526770734973365,0.0,0.05526770734973365,8248281960.9907675,0.005969987392309612,49242139.315329686,0.05526770734973365,0.007578697068335999
325,325910,0.0005849582199363721,0.00547387197221665,0.0,0.00547387197221665,816933460.9720361,0.011294143698949249,9226563.900698123,0.00547387197221665,0.0014200303593078665
325,3259A0,0.01111245908395323,0.05486393901564858,0.0,0.05486393901564858,8188022630.069395,0.016094381229831256,131781157.72682242,0.05486393901564858,0.02028200820704953
326,326110,0.05522423400533974,0.16500178755441525,1.0,0.05522423400533974,1057891645.9753958,0.0007900846961910747,835823.9997135465,0.05522423400533974,0.058400865317051076
326,326120,0.0350962895087464,0.07911505541418687,1.0,0.0350962895087464,672314829.6171345,0.00033027002066462753,222045.43267078654,0.0350962895087464,0.015514803848797363
326,326130,0.007584518633461768,0.018771424365418184,1.0,0.007584518633461768,145291266.51730672,0.0009248749643684937,134376.25494324736,0.007584518633461767,0.009389165146537868
326,326140,0.008266793412984504,0.04150911652751782,1.0,0.008266793412984504,158361122.57809007,0.0007565070345921805,119801.30323623972,0.008266793412984504,0.008370781142327416
326,326150,0.1622978403185949,0.045984311581249604,1.0,0.1622978403185949,3109025096.052739,0.0018381992631434241,5715007.640658558,0.1622978403185949,0.3993201817875593
326,326160,0.014210663414463842,0.0468128956278522,1.0,0.014210663414463842,272223642.04229414,0.00029914656822466326,81434.76830657145,0.014210663414463844,0.00569002677313318
326,326190,0.5242982464363063,0.41909949317574813,1.0,0.5242982464363063,10043611195.238806,0.00040883208812321004,4106150.53724713,0.5242982464363063,0.2869057894718167
326,326210,0.11227643621833529,0.08430527223402241,1.0,0.11227643621833529,2150800387.811292,0.001009957339629334,2172216.6377476323,0.11227643621833529,0.15177756482708588
326,326220,0.00853367890526319,0.02255683371537928,1.0,0.00853367890526319,163473659.45250565,0.0006187322388686102,101146.42330909356,0.00853367890526319,0.007067323559744956
326,326290,0.07221129914650411,0.07684380980421021,1.0,0.07221129914650411,1383300854.9241345,0.0005955607771328787,823839.7321671931,0.07221129914650411,0.0575634981259463
327,327100,0.0304650621178967,0.06403135973353653,1.0,0.0304650621178967,373278608.40898657,0.11771562347485363,43940724.1186896,0.0304650621178967,0.005626608662189606
327,327200,0.1118556326546323,0.20716120568434448,1.0,0.1118556326546323,1370531093.5670128,0.13500720904366928,185031577.85005036,0.1118556326546323,0.023693289075017446
327,327310,0.23339889603488154,0.06567318947029388,1.0,0.23339889603488154,2859761610.8228455,1.9077046745107515,5455580592.953139,0.23339889603488156,0.6985869631703983
327,327320,0.23038836353736633,0.24903964743866705,1.0,0.23038836353736633,2822874524.333619,0.01843274597057907,52033329.01386082,0.23038836353736633,0.006662866523572486
327,327330,0.01648740308978032,0.050629629920579435,1.0,0.01648740308978032,202014847.62493965,0.00503995065092692,1018144.8627842171,0.01648740308978032,0.0001303734250903912
327,327390,0.08433538272926876,0.09856477371815518,1.0,0.08433538272926876,1033334321.8862976,0.0031061379362357457,3209678.938025468,0.08433538272926876,0.000410999310497485
327,327400,0.2148236323111177,0.06374855652529125,1.0,0.2148236323111177,2632164878.316488,0.7777060847273192,2047050641.8722763,0.21482363231111767,0.2621247852536034
327,327910,0.010158926395453384,0.038029175864317304,1.0,0.010158926395453384,124474057.9601998,0.004404906894406459,548296.6360836333,0.010158926395453384,7.0209371008645e-05
327,327991,0.010697196883797312,0.039490325773584606,1.0,0.010697196883797312,131069313.14330392,0.00562331530975116,737044.0752373098,0.010697196883797312,9.437847603385032e-05
327,327992,0.017253784472735685,0.03422704384235292,1.0,0.017253784472735685,211405072.23807377,0.031955128549238786,6755476.259328759,0.017253784472735685,0.0008650385718561296
327,327993,0.0029352774197699207,0.04944342757488393,1.0,0.0029352774197699207,35965010.22403567,0.07489214703176872,2693496.833697545,0.0029352774197699207,0.0003449022045045634
327,327999,0.03720044235330005,0.03996166445399342,1.0,0.03720044235330005,455805056.3002516,0.023808211769109043,10851903.30582706,0.03720044235330005,0.0013895859562277845
331,331110,0.22672708791852567,0.39536375708850763,1.0,0.22672708791852567,2538564784.500704,0.0717800897781547,182218408.13912246,0.22672708791852567,0.56217411766358
331,331200,0.1279682847456811,0.10298524872586318,1.0,0.1279682847456811,1432805335.130849,0.010619055286743227,15215039.068895143,0.1279682847456811,0.04694092792887582
331,331313,0.019983818787599934,0.012512561912281962,1.0,0.019983818787599934,223750144.28039864,0.05693150062807023,12738431.47963032,0.019983818787599934,0.03930018130776123
331,331314,0.011479488669415828,0.026478716531476564,1.0,0.011479488669415828,128530851.5527965,0.0,0.0,0.011479488669415828,0.0
331,33131B,0.10698288807792149,0.1209757016725289,1.0,0.10698288807792149,1197840958.0966566,0.02043804407647982,24481526.298192285,0.10698288807792149,0.07552958335162338
331,331410,0.042048755580090254,0.04602594932165674,1.0,0.042048755580090254,470801663.47857314,0.012388531225569743,5832541.109054482,0.042048755580090254,0.01799436009349748
331,331420,0.0032436606927388274,0.09842706912640872,1.0,0.0032436606927388274,36317860.75078475,0.007828117391922351,284300.47738063225,0.0032436606927388274,0.0008771142918818896
331,331490,0.09515611231676104,0.06305182686095757,1.0,0.09515611231676104,1065421683.7298584,0.014624411526709074,15581165.152344732,0.09515611231676104,0.04807048783458934
331,331510,0.08224672934134412,0.07680712080970498,1.0,0.08224672934134412,920880926.3290372,0.012175442599389113,11212132.859391466,0.08224672934134412,0.03459129602615562
331,331520,0.28416317386992174,0.057372047950613736,1.0,0.28416317386992174,3181651706.731032,0.01777946859114539,56568076.5877885,0.28416317386992174,0.17452193150203518
332,332114,0.00038695365678484195,0.01961039148579763,1.0,0.00038695365678484195,13521172.148214582,0.006924474909028886,93627.01728097208,0.00038695365678484195,0.0006350342709952955
332,332119,0.029451472671280555,0.03242790509610247,1.0,0.029451472671280555,1029111432.4014341,0.0033426660814535403,3439975.8791243415,0.029451472671280555,0.023331968037446874
332,33211A,0.024125383578699974,0.037427255267224076,1.0,0.024125383578699974,843003958.7161484,0.013018471055459639,10974622.63618407,0.024125383578699974,0.07443643605886811
332,332200,0.022258543138362334,0.02735635171627027,1.0,0.022258543138362334,777771674.3728861,0.005339156390829853,4152644.60583443,0.022258543138362334,0.028165712382514915
332,332310,0.11924613298911678,0.13510953226761396,1.0,0.11924613298911678,4166771560.066306,0.0017870057477842487,7446044.72754243,0.11924613298911678,0.05050351621437637
332,332320,0.12650846560623966,0.12568845759505554,1.0,0.12650846560623966,4420536443.255695,0.0020189333900386386,8924768.627171567,0.12650846560623966,0.06053310362274457
332,332410,0.0020571743419641984,0.020638565177836504,1.0,0.0020571743419641984,71883048.34150772,0.0017626950148781743,126707.89096582247,0.0020571743419641984,0.0008594084859860767
332,332420,0.0294078343292329,0.024240061228320987,1.0,0.0294078343292329,1027586594.6728243,0.0025713712396693593,2642306.6158114756,0.0294078343292329,0.01792169935823534
332,332430,0.0892650901450891,0.05186500888099467,1.0,0.0892650901450891,3119155561.6923766,0.0016711644736603604,5212621.962520426,0.0892650901450891,0.03535511099333033
332,332500,0.030424253712795335,0.024985198342214326,1.0,0.030424253712795335,1063102944.5482087,0.0026860947835336394,2855595.2737101954,0.030424253712795335,0.019368350242924
332,332600,0.10635103283833185,0.026579445190544268,1.0,0.10635103283833185,3716183056.8952956,0.0031616276761966644,11749187.20249329,0.10635103283833185,0.07968999490320103
332,332710,0.1882052585677836,0.10956114889745701,1.0,0.1882052585677836,6576383646.140865,0.0044944067509458665,29556943.056025498,0.1882052585677836,0.20047281576967624
332,332720,0.024794897704679592,0.0854279484180277,1.0,0.024794897704679592,866398532.1858736,0.0030467302850492694,2639682.6469329353,0.024794897704679592,0.01790390203634803
332,332800,0.08442467224218929,0.07488916807462924,1.0,0.08442467224218929,2950018708.772547,0.015204569431509258,44853764.28178348,0.08442467224218929,0.30422498045194013
332,332913,0.005318884302402606,0.014027639388294415,1.0,0.005318884302402606,185855719.48531866,0.00327722649291889,609091.2877577879,0.005318884302402606,0.004131220379798012
332,33291A,0.0413266552920389,0.07534260422533177,1.0,0.0413266552920389,1444061351.3165028,0.0015977533219301398,2307253.821136869,0.0413266552920389,0.015649171476965682
332,332991,0.020962120003558474,0.01789484324683389,1.0,0.020962120003558474,732471261.5837708,0.0036998287453131767,2710018.228723442,0.020962120003558474,0.018380959900675
332,332996,0.012652509242526451,0.01789484324683389,1.0,0.012652509242526451,442111742.77699137,0.0023906894696978905,1056951.8878867356,0.012652509242526451,0.007168878077008474
332,332999,0.034335491053625565,0.040084333347773976,1.0,0.034335491053625565,1199771800.0315824,0.004300201180792134,5159260.111176915,0.034335491053625565,0.03499317909214423
332,33299A,0.008497174583298014,0.03894929890684342,1.0,0.008497174583298014,296913488.9920146,0.003115711600297879,925096.8019373365,0.008497174583298014,0.006274558244821363
333,333111,0.022431028821534343,0.06628594090818957,0.0,0.06628594090818957,2652430718.2647734,0.00108023266494985,2865242.303386001,0.06628594090818957,0.04349373014668596
333,333112,0.001170500008801288,0.021008658867076476,0.0,0.021008658867076476,840661101.9636987,0.00027908721581575645,234617.76639165444,0.021008658867076476,0.003561444631400901
333,333120,0.013077801230114091,0.08593297640293476,0.0,0.08593297640293476,3438606485.782046,0.0017203240921899864,5915517.581051597,0.08593297640293476,0.08979621899487683
333,333130,0.004644567544226536,0.046517284685041974,0.0,0.046517284685041974,1861388299.5153933,0.0021031589431558767,3914795.4488115087,0.046517284685041974,0.05942570952162287
333,333242,0.011155697029480965,0.02337761914204508,0.0,0.02337761914204508,935455004.2238892,0.0006619130211616621,619189.84800663,0.02337761914204508,0.00939916185341194
333,33329A,0.054651094095311874,0.08316478286734087,0.0,0.08316478286734087,3327837271.8686314,0.0011649070691179795,3876621.16287406,0.08316478286734087,0.058846232494795606
333,333314,0.18662737691360903,0.012979046863639368,0.0,0.012979046863639368,519356323.8786555,0.0012132403921366738,630104.0700412013,0.012979046863639368,0.00956483727547718
333,333316,0.18662737691360903,0.0043333994315552914,0.0,0.0043333994315552914,173400899.33532622,0.0004747224451849737,82317.29892973954,0.0043333994315552914,0.0012495579804274034
333,333318,0.18662737691360903,0.05248727609227312,0.0,0.05248727609227312,2100277396.9523466,0.0038495690273730723,8085162.816199493,0.05248727609227312,0.1227309429657077
333,333413,0.009103703202229646,0.015964042567254942,0.0,0.015964042567254942,638800872.5971323,0.001230140016182469,785814.5157540117,0.015964042567254942,0.011928486625080127
333,333414,0.010565121728204502,0.01178927886839844,0.0,0.01178927886839844,471747779.21672946,0.001989774383182827,938671.6464088364,0.01178927886839844,0.014248823297424034
333,333415,0.02589308745186123,0.08797144556811422,0.0,0.08797144556811422,3520175792.302812,0.004342524142440949,15286448.363711158,0.08797144556811422,0.23204482889520311
333,333511,0.007300164059217979,0.017441998810232003,0.0,0.017441998810232003,697941264.7438358,0.002433193101778769,1698225.870821451,0.017441998810232003,0.025778684639111434
333,333514,0.01214830858912094,0.02505387005089563,0.0,0.02505387005089563,1002530153.8142473,0.0012529214042214917,1256091.4880913347,0.02505387005089563,0.019067184704774254
333,333517,0.05093683534639307,0.020865886707647566,0.0,0.020865886707647566,834948076.6042676,0.0009311993427611479,777503.1001735785,0.020865886707647566,0.011802321216323903
333,33351B,0.01475703775434038,0.023787428118183622,0.0,0.023787428118183622,951853502.9407749,0.001650484026525253,1571019.0021958568,0.023787428118183622,0.023847713143169098
333,333611,0.06594968665208668,0.03436843148919294,0.0,0.03436843148919294,1375252160.1341705,0.0009104846527429962,1252145.9854538157,0.03436843148919294,0.019007292867072957
333,333612,0.0013314178028567551,0.008386542402009386,0.0,0.008386542402009386,335587341.483621,0.0014886735229375204,499579.9898996588,0.008386542402009386,0.0075835112589612685
333,333613,0.007517222964273219,0.013150902240729725,0.0,0.013150902240729725,526233113.663156,0.00151620586315277,797877.7323212151,0.013150902240729725,0.012111603524287898
333,333618,0.00526059014827017,0.06782999537312447,0.0,0.06782999537312447,2714216029.559362,0.001187964928229623,3224393.45075518,0.06782999537312447,0.04894556333618194
333,333912,0.009671505065797335,0.024199881023200476,0.0,0.024199881023200476,968357798.4235759,0.000800251721649559,774929.9953612431,0.024199881023200476,0.011763262067219967
333,333914,0.012402896411415372,0.046337497521316676,0.0,0.046337497521316676,1854194119.4331465,0.0009828763400336056,1822443.5298202853,0.046337497521316676,0.027664280608975387
333,333920,0.02857514357725943,0.08033313503866746,0.0,0.08033313503866746,3214528935.573247,0.0008948469444739574,2876511.395920843,0.08033313503866746,0.04366479242268587
333,333991,0.004455532188779338,0.00888095710225395,0.0,0.00888095710225395,355371336.7097992,0.0009619688379451374,341856.15181373566,0.00888095710225395,0.005189299068494192
333,333993,0.011833577217219256,0.01852865357921872,0.0,0.01852865357921872,741423735.5350618,0.0011326584736657346,839779.8766306904,0.01852865357921872,0.012747668598089892
333,333994,0.004618683832402377,0.007022275100799788,0.0,0.007022275100799788,280996210.2712791,0.001132001562345948,318088.14904037846,0.007022275100799788,0.0048285061618948315
333,33399A,0.04749392067543937,0.06114614316874876,0.0,0.06114614316874876,2446761805.325253,0.0014161422094930635,3464962.6690965407,0.061146143168748765,0.05259734966216679
333,33399B,0.003172745862536693,0.030854650009914733,0.0,0.030854650009914733,1234648258.2326157,0.0009129913021963787,1127223.1210382867,0.030854650009914737,0.017110992038476654
334,334111,0.07303098840240767,0.05378511360845521,0.0,0.05378511360845521,9829049276.10201,5.721527946969913e-08,562.3718012536204,0.05378511360845521,1.8866010739413965e-05
334,334112,0.029874390940766944,0.014958658322112222,0.0,0.014958658322112222,2733644681.365903,3.590477704094436e-05,98150.90279360613,0.01495865832211222,0.0032926899642897562
334,334118,0.07199519636794947,0.024734433707934947,0.0,0.024734433707934947,4520134874.151358,7.034143382845719e-05,317952.76814581937,0.02473443370793495,0.010666431576216606
334,334210,0.002902560120140038,0.022329305025081653,0.0,0.022329305025081653,4080605667.0323257,6.264532319166951e-07,2556.3086082899817,0.022329305025081653,8.575704818368983e-05
334,334220,0.41567717139840926,0.0839536702207242,0.0,0.0839536702207242,15342251901.07982,1.2431877244317442e-05,190732.99228562025,0.0839536702207242,0.006398561721622074
334,334290,0.0024070096764400076,0.01539621107544821,0.0,0.01539621107544821,2813605980.783098,4.495746194302029e-06,12649.25838037104,0.01539621107544821,0.0004243474582433392
334,334300,0.007929063656708151,0.008799044723537233,0.0,0.008799044723537233,1607995937.3122325,5.876104234843508e-06,9448.751736851566,0.008799044723537233,0.0003169793566180349
334,334413,0.32484481123910147,0.18135291311331486,0.0,0.18135291311331486,33141637151.34737,0.0007469583270540502,24755421.84240279,0.18135291311331486,0.8304755915861942
334,334418,0.012104693188600316,0.056596742913762585,0.0,0.056596742913762585,10342865109.776371,3.9709961881271575e-05,410714.7792523534,0.056596742913762585,0.013778339203598274
334,33441A,0.0111003051804879,0.08497839053982718,0.0,0.08497839053982718,15529516105.52138,2.4247613450557476e-05,376553.70360088913,0.08497839053982718,0.012632330071074564
334,334510,0.009272842524675584,0.09463560324410081,0.0,0.09463560324410081,17294339365.56153,3.3602964492183535e-05,581141.071616736,0.09463560324410082,0.019495667588232044
334,334511,0.008900253063529531,0.15208486829662124,0.0,0.15208486829662124,27793000039.36366,8.700392716867878e-05,2418100.151223882,0.15208486829662124,0.08112053861924429
334,334512,0.0001830280748217197,0.009016409639710595,0.0,0.009016409639710595,1647718647.3452907,1.6443920725884426e-06,2709.4954815507476,0.009016409639710595,9.089604197682189e-05
334,334513,0.0058760476245468245,0.032390195430820085,0.0,0.032390195430820085,5919199674.276726,1.3765634835469173e-05,81481.54123432147,0.032390195430820085,0.0027334792188441264
334,334514,0.00018367409077433403,0.01667781720457426,0.0,0.01667781720457426,3047815206.1728168,2.426452418195925e-07,739.5378577232342,0.01667781720457426,2.480943947564247e-05
334,334515,0.0019560190913597442,0.03399079163173302,0.0,0.03399079163173302,6211703266.338336,5.750622552774107e-06,35721.16089454582,0.03399079163173302,0.0011983456559496138
334,334516,0.017801850410510373,0.044907027097218576,0.0,0.044907027097218576,8206608716.959575,5.781971732526826e-05,474503.79621368507,0.044907027097218576,0.015918283411978682
334,334517,0.00015987546486649366,0.02688832242274371,0.0,0.02688832242274371,4913750819.024387,5.299998339161099e-07,2604.2871179880744,0.02688832242274371,8.736659382094889e-05
334,33451A,0.0035611451688604624,0.03727102582125829,0.0,0.03727102582125829,6811155072.291758,5.229946372940006e-06,35621.9757658642,0.03727102582125829,0.0011950182705815595
334,334610,0.00023907431504368928,0.005253455961021107,0.0,0.005253455961021107,960051472.3574157,1.4189797371153116e-06,1362.2935858628937,0.005253455961021107,4.570116311634438e-05
335,335110,0.03845310571645499,0.012027823398705438,1.0,0.03845310571645499,453178850.90144205,0.007802900983914693,3536109.7015881925,0.03845310571645499,0.06928260867357074
335,335120,0.08293908077875752,0.09639165298038836,1.0,0.08293908077875752,977456479.049888,0.0056490782827757465,5521728.168159169,0.08293908077875752,0.10818661301842053
335,335210,0.01308748787100045,0.028982706984832383,1.0,0.01308748787100045,154239107.71473894,2.4362917305980437e-05,3757.7146266023938,0.013087487871000449,7.36244896092779e-05
335,335220,0.0158117975353818,0.15339902746916562,1.0,0.0158117975353818,186345734.74007487,0.003797281298722872,707607.1736252593,0.0158117975353818,0.013864069568563286
335,335311,0.045264944140408804,0.04306347212829678,1.0,0.045264944140408804,533457961.0533352,0.002573092022518886,1372636.4239355274,0.045264944140408804,0.02689391456602774
335,335312,0.07710411965753242,0.08283418671303899,1.0,0.07710411965753242,908690096.55091,0.004245127089241075,3857504.944593356,0.07710411965753242,0.07557967034014544
335,335313,0.05858583813497494,0.09749460599620005,1.0,0.05858583813497494,690447814.5635066,0.003920330136232658,2706783.3749292926,0.05858583813497494,0.053033709119693184
335,335314,0.09538065746791195,0.08589347245032686,1.0,0.09538065746791195,1124083372.309655,0.0009255140241235681,1040354.9253566997,0.09538065746791197,0.02038355969067846
335,335911,0.03822651867367438,0.06043699481531575,1.0,0.03822651867367438,450508469.5690825,0.028734497683958856,12945134.57543665,0.03822651867367438,0.2536325987324065
335,335912,0.03822651867367438,0.017309116671497118,1.0,0.03822651867367438,450508469.5690825,0.0039442545608544535,1776920.0858014135,0.03822651867367438,0.03481499991176579
335,335920,0.02227294029119888,0.09191543490161981,1.0,0.02227294029119888,262491814.36189273,0.0035654068421151082,935890.1109251012,0.02227294029119888,0.018336792064897234
335,335930,0.0831886000236369,0.11536727530351334,1.0,0.0831886000236369,980397121.7513134,0.0032832442236117505,3218883.186835586,0.0831886000236369,0.06306722444139765
335,335991,0.006863748926047969,0.027694586674395387,1.0,0.006863748926047969,80890887.56883861,0.018965750081150035,1534156.3574729993,0.006863748926047969,0.030058556868621394
335,335999,0.38459464210934463,0.08718964351270408,1.0,0.38459464210934463,4532537872.471022,0.0026213693499330002,11881455.856306067,0.38459464210934463,0.23279205851420273
3361MV,336111,0.25613291680136474,0.06702994719928461,1.0,0.25613291680136474,11451355001.150045,0.002036896316179262,23325222.817103494,0.25613291680136474,0.5615244183202328
3361MV,336112,0.25613291680136474,0.3564324601315245,1.0,0.25613291680136474,11451355001.150045,0.0007462809612833929,8545928.218255645,0.25613291680136474,0.20573211280295792
3361MV,336120,0.003557299553755731,0.04385490437092126,1.0,0.003557299553755731,159042033.89477217,0.0005835033379166676,92801.55764665535,0.003557299553755731,0.002234076865432521
3361MV,336211,0.05233937178414607,0.02495348747636695,1.0,0.05233937178414607,2340022260.0137086,0.00149511577257365,3498604.1891199346,0.05233937178414608,0.08422434793582209
3361MV,336212,0.0416111642319753,0.0184877861713369,1.0,0.0416111642319753,1860378664.2583039,0.0007683521130038966,1429425.8776702345,0.0416111642319753,0.03441156986085074
3361MV,336213,0.0016497779234999777,0.009317576291423777,1.0,0.0016497779234999777,73759331.33073096,9.066285849006374e-05,6687.231818759786,0.001649777923499978,0.00016098641314792546
3361MV,336214,0.0089060587596113,0.029639069515080774,1.0,0.0089060587596113,398177796.8682689,0.0005915262441328751,235532.61667859,0.0089060587596113,0.005670141572191472
3361MV,336310,0.014899711891717836,0.06681894529189435,1.0,0.014899711891717836,666145891.8192772,0.00034223135560369614,227976.01158714434,0.014899711891717834,0.0054882261276222415
3361MV,336320,0.15316409746597076,0.0402779196551626,1.0,0.15316409746597076,6847758872.295917,0.00018659505855235902,1277757.9677284926,0.15316409746597076,0.030760362085659257
3361MV,336350,0.00651113807942686,0.07029545290889574,1.0,0.00651113807942686,291104144.4424998,0.00023607196659519733,68721.52786255331,0.00651113807942686,0.0016543814505729914
3361MV,336360,0.0050347591134267495,0.0532411400131625,1.0,0.0050347591134267495,225097245.10667807,0.0009524693409313935,214398.22469223,0.0050347591134267495,0.00516135855820926
3361MV,336370,0.0028726038606997676,0.0635048756512172,1.0,0.0028726038606997676,128430218.95564474,0.00032923056655252594,42283.153749231875,0.0028726038606997676,0.0010179119616543404
3361MV,336390,0.19083511928835353,0.1101413210394021,1.0,0.19083511928835353,8531979118.297023,0.0002927352825743346,2497611.318113001,0.19083511928835353,0.06012674578032563
3361MV,3363A0,0.006353064444686657,0.04600511428432674,1.0,0.006353064444686657,284036886.8235348,0.0002681206262528616,76156.14797403931,0.006353064444686658,0.0018333602653208153
3364OT,336411,0.26977223883677687,0.44581063522904724,1.0,0.26977223883677687,11252372014.790548,0.0005153730486204814,5799169.269474394,0.26977223883677687,0.06938100887465998
3364OT,336412,0.04943411263785088,0.13913292248274547,1.0,0.04943411263785088,2061928343.778588,0.0026415596747080177,5446706.765063008,0.04943411263785088,0.06516416280409035
3364OT,336413,0.3686574966388446,0.11070615441465712,1.0,0.3686574966388446,15376939139.877726,0.0017417414524202122,26782652.311267838,0.3686574966388446,0.32042648719985106
3364OT,336414,0.1987607418139348,0.058993217389231266,1.0,0.1987607418139348,8290437216.482162,0.0019217307475221659,15931988.10931585,0.1987607418139348,0.19060961269433782
3364OT,33641A,0.03377101698562942,0.028331406229512104,1.0,0.03377101698562942,1408610641.62362,0.005344931745570203,7528927.735562098,0.03377101698562942,0.090075763918002
3364OT,336500,0.0041436566702425055,0.0381447354304991,1.0,0.0041436566702425055,172834560.57666317,0.012335974445592705,2132082.722588961,0.0041436566702425055,0.025508144946916018
3364OT,336611,0.0281682375296236,0.0760629864943796,1.0,0.0281682375296236,1174915139.715628,0.00415657582891554,4883623.870768904,0.028168237529623597,0.05842746355100417
3364OT,336612,0.009783500834215846,0.031239942306087662,1.0,0.009783500834215846,408076055.0762891,0.005076482269422286,2071590.8581705738,0.009783500834215846,0.024784422912425854
3364OT,336991,0.022607170170338288,0.022591815570204194,1.0,0.022607170170338288,942959475.9460592,0.011099139091837407,10466038.38149142,0.022607170170338288,0.12521522792084358
3364OT,336992,0.006137038402947597,0.022842140396466842,1.0,0.006137038402947597,255979783.08214378,0.006080180486695463,1556403.282084588,0.006137038402947597,0.018620741162923133
3364OT,336999,0.008764789479595574,0.026144044057169424,1.0,0.008764789479595574,365584955.2236684,0.002694876189884838,985206.1912123786,0.008764789479595574,0.011786964014946109
337,337110,0.1858917281638297,0.19752665468899586,1.0,0.1858917281638297,1416256065.8132558,0.0041028924894656,5810746.375585306,0.1858917281638297,0.17156489036427838
337,337121,0.05713977676312402,0.16146249983607203,1.0,0.05713977676312402,435331664.5088664,0.00400990182187621,1745637.2346345065,0.05713977676312402,0.0515407215214593
337,337122,0.05749497659892893,0.05358477699238063,1.0,0.05749497659892893,438037830.76491004,0.00323362760366309,1416451.2210101143,0.05749497659892894,0.04182135697059575
337,337127,0.22540542947909392,0.06444336616264278,1.0,0.22540542947909392,1717299687.9434254,0.0034844534403623874,5983850.805787723,0.22540542947909392,0.17667587622902572
337,33712N,0.11041893645363586,0.04424743944500544,1.0,0.11041893645363586,841250388.4803761,0.0048088554304762865,4045451.499034142,0.11041893645363586,0.11944376815721665
337,337215,0.13124722547610226,0.09570770986059565,1.0,0.13124722547610226,999935182.9031942,0.003804871192986223,3804624.5722817737,0.13124722547610226,0.11233324523736637
337,33721A,0.14702114198514,0.24949838039159114,1.0,0.14702114198514,1120112154.510387,0.0036002309601310483,4032662.4574873876,0.14702114198514,0.11906616597515408
337,337900,0.08538078508014531,0.1335291726227165,1.0,0.08538078508014531,650491853.3388631,0.010806690097363474,7029663.869892705,0.08538078508014531,0.20755397554490376
339,339112,0.3637320661615484,0.27051817157390445,1.0,0.3637320661615484,11078637249.14896,0.0033958149011597723,37621001.45520375,0.3637320661615484,0.2943539318970662
339,339113,0.2203310322451446,0.22117509301403238,1.0,0.2203310322451446,6710894661.375182,0.0020089920806633764,13482134.228868872,0.2203310322451446,0.10548680436795353
339,339114,0.05330052909480797,0.030028895729853254,1.0,0.05330052909480797,1623440114.2043478,0.004541345529714291,7372602.505400773,0.05330052909480798,0.05768465622487309
339,339115,0.07486583415296011,0.0408002669235176,1.0,0.07486583415296011,2280281273.2139387,0.0005362276481401673,1222749.8642335767,0.07486583415296011,0.009567029487301773
339,339116,0.020440763673398546,0.035688429746863336,1.0,0.020440763673398546,622589611.6967199,0.006258618674238646,3896550.9701520787,0.020440763673398546,0.030487362232164705
339,339910,0.010206429921530313,0.05009852247760423,1.0,0.010206429921530313,310869855.11822784,0.002634882265681415,819105.4681859694,0.010206429921530312,0.006408838305009485
339,339920,0.08034076593304718,0.06544662473952924,1.0,0.08034076593304718,2447038039.521374,0.01052183106114012,25747320.85202742,0.08034076593304718,0.20145197723228833
339,339930,0.10383052933559758,0.012685162451919143,1.0,0.10383052933559758,3162494805.6828985,0.006333481598553163,20029602.657312598,0.10383052933559758,0.15671545329637632
339,339940,0.0017327693514616934,0.017973269876044244,1.0,0.0017327693514616934,52777098.49414582,0.008674832264929863,457832.4768663974,0.0017327693514616934,0.0035821691210496994
339,339950,0.01990272950644854,0.086435374920521,1.0,0.01990272950644854,606202039.8606976,0.009228182935544055,5594143.319734487,0.019902729506448537,0.04376965040976565
339,339990,0.05131655062405507,0.16915018854621114,1.0,0.05131655062405507,1563011628.974699,0.0073996145876558455,11565683.650436908,0.05131655062405507,0.0904921274261512
42,423100,0.05443483980535119,0.06845934833889236,1.0,0.05443483980535119,20291642014.483303,0.025499744169238264,517431680.1430908,0.05443483980535119,0.027040706246121645
42,423400,0.4420463404606655,0.10348119574742153,1.0,0.4420463404606655,164781344567.4631,0.01862754849026627,3069472486.221693,0.4420463404606655,0.16040901053356535
42,423600,0.051017471470137174,0.11697071762509788,1.0,0.051017471470137174,19017751705.670883,0.037836897266046936,719572717.518658,0.051017471470137174,0.03760449006864954
42,423800,0.06266474114002872,0.0900323617529928,1.0,0.06266474114002872,23359497312.578224,0.18722741626495235,4373538327.082119,0.06266474114002872,0.22855880244146862
42,423A00,0.14977759239650057,0.1422294578289938,1.0,0.14977759239650057,55832501713.40112,0.05958090189893645,3326550807.3583536,0.14977759239650057,0.17384378778218718
42,424200,0.013727844716632112,0.10654816899563449,1.0,0.013727844716632112,5117320297.375635,0.009731007569002664,49796682.54677327,0.01372784471663211,0.0026023483224032525
42,424400,0.10332456054497555,0.08716485837143274,1.0,0.10332456054497555,38516233378.835846,0.06443512131019838,2481798170.1772,0.10332456054497555,0.12969746124428516
42,424700,0.01336088460166112,0.07453920972222085,1.0,0.01336088460166112,4980528799.261353,0.17034528821686465,848409613.7825699,0.013360884601661122,0.044337438203118355
42,424A00,0.10946283363375828,0.18481677055308726,1.0,0.10946283363375828,40804393692.15915,0.0918394903863093,3747454722.21023,0.10946283363375829,0.19584000400962173
42,425000,0.00018289123028982139,0.02575791106422632,1.0,0.00018289123028982139,68176252.30275147,0.018510758903384647,1261994.1693125546,0.00018289123028982139,6.595114857919424e-05
441,441000,1.0,1.0,1.0,1.0,148039261564.3687,1.919712579874372e-05,2841928.327404312,1.0,1.0
445,445000,1.0,1.0,1.0,1.0,147563055150.05737,1.8224812899955523e-05,2689309.071055614,1.0,1.0
452,452000,1.0,1.0,1.0,1.0,0.0,0.0,0.0,0.0,0.0
481,481000,1.0,1.0,1.0,1.0,36775249452.25236,0.0004559115320691081,16766260.32,1.0,1.0
482,482000,1.0,1.0,1.0,1.0,3911228859.060402,0.24300112597561563,950433016.7000002,1.0,1.0
483,483000,1.0,1.0,1.0,1.0,6554171487.383799,0.6916049971467313,4532897752.83126,1.0,1.0
484,484000,1.0,1.0,1.0,1.0,66448856458.33488,0.4003208224524931,26600860868.428276,1.0,1.0
485,485000,1.0,1.0,1.0,1.0,34625830214.52753,0.05884214458803632,2037458107.9640255,1.0,1.0
486,486000,1.0,1.0,1.0,1.0,1013007083.0650355,2.338813704739806,2369234848.8710003,1.0,1.0
487OS,48A000,0.9838201039212017,0.5933950842267104,1.0,0.9838201039212017,61684614910.07343,0.0009875201413388338,60914799.63442726,0.9838201039212018,0.9167777035297106
487OS,492000,0.016179896078798307,0.4066049157732896,1.0,0.016179896078798307,1014464590.5565057,0.005450816733326624,5529660.565572743,0.016179896078798307,0.08322229647028938
493,493000,1.0,1.0,1.0,1.0,27858343510.208324,0.0010182751231998099,28367458.170000006,1.0,1.0
4A0,444000,0.02219632607094323,0.14204721316159138,1.0,0.02219632607094323,1379652628.7332327,0.3528642243738838,486830054.74334204,0.02219632607094323,0.15635690347282669
4A0,446000,0.0335374228670685,0.10905196701665833,1.0,0.0335374228670685,2084578928.5849526,0.054016973778526794,112602645.32464287,0.0335374228670685,0.036164983600061734
4A0,447000,0.02369452316200072,0.10577922747871082,1.0,0.02369452316200072,1472775767.6000657,0.07087170729547818,104378133.11322504,0.02369452316200072,0.03352348838130475
4A0,448000,0.11735796505796893,0.139909367237288,1.0,0.11735796505796893,7294595712.709731,0.02884277511524407,210396383.69831032,0.11735796505796893,0.06757373900075223
4A0,454000,0.509677315302461,0.29466461116005177,1.0,0.509677315302461,31679911604.07636,0.03656852170747627,1158487535.1845958,0.509677315302461,0.3720754746927588
4A0,4B0000,0.29353644753955765,0.2085476139456997,1.0,0.29353644753955765,18245286638.094334,0.057049656791503374,1040887340.7658842,0.29353644753955765,0.33430541085229576
511,511110,0.005698315422321835,0.06774311602760597,1.0,0.005698315422321835,778993946.4776844,0.00027896114617474124,217309.04417259988,0.005698315422321835,0.014271415209308117
511,511120,0.0008465018038304051,0.07184404029287866,1.0,0.0008465018038304051,115721881.2920045,7.05560779518266e-05,8164.882077170693,0.0008465018038304051,0.0005362152445242471
511,511130,0.0009455126186546029,0.10011965354976524,1.0,0.0009455126186546029,129257254.40977518,0.0002599900901255565,33605.60522337944,0.0009455126186546029,0.0022069930284264417
511,5111A0,0.004175560097342379,0.028179578954471953,1.0,0.004175560097342379,570824146.7718058,0.00028772464009843416,164240.17218941357,0.004175560097342379,0.010786204045431643
511,511200,0.9883341100578508,0.7321136111752782,1.0,0.9883341100578508,135111209501.76697,0.00010956570191067283,14803554.505061066,0.9883341100578508,0.9721991724723096
512,512100,0.9192547090855979,0.8782864838686136,1.0,0.9192547090855979,89743901351.14014,0.00040792552397058427,36608827.981828265,0.9192547090855979,0.9693768506797013
512,512200,0.08074529091440209,0.12171351613138638,1.0,0.08074529091440209,7882904869.314575,0.00014670899684012632,1156493.0655632883,0.08074529091440209,0.03062314932029863
513,515100,0.6690347187197743,0.10997863163585152,0.0,0.10997863163585152,16841213836.082556,0.000190043447724349,3200562.3412721385,0.10997863163585152,0.2734326056769127
513,515200,0.21184639130733035,0.12621719631285513,0.0,0.12621719631285513,19327852704.45819,0.0003243952811676597,6269864.212429826,0.12621719631285513,0.5356512781324824
513,517110,0.04687205403313935,0.4035105832565758,0.0,0.4035105832565758,61790257949.809875,1.4666316123156403e-05,906235.4564232897,0.4035105832565758,0.07742212017283648
513,517210,0.014351864878643355,0.3034040894547935,0.0,0.3034040894547935,46460781274.02713,2.22245888621017e-05,1032571.7620272865,0.3034040894547935,0.08821536884274524
513,517A00,0.05789497106111271,0.056889499339924036,0.0,0.056889499339924036,8711585233.972075,3.396505204496366e-05,295889.44586599845,0.05688949933992404,0.0252786271750232
514,518200,0.11471922348119153,0.4825368402030524,1.0,0.11471922348119153,32741568887.840763,0.0003545400005227761,11608195.850611573,0.11471922348119153,0.09173471695413761
514,519130,0.4459139741021717,0.4943185862999896,1.0,0.4459139741021717,127266578852.93991,4.2533371083416464e-05,5413076.624868976,0.4459139741021717,0.042777280675123396
514,5191A0,0.4393668024166368,0.02314457349695805,1.0,0.4393668024166368,125397975960.96158,0.000873376549603203,109519651.57201003,0.4393668024166368,0.8654880023707391
521CI,522A00,0.28578984514940525,0.3793862261015546,1.0,0.28578984514940525,34626816403.72151,2.5208681525007588e-05,872896.3869463241,0.28578984514940525,0.28729467928956587
521CI,52A000,0.7142101548505947,0.6206137738984454,1.0,0.7142101548505947,86534998795.20306,2.502380355521282e-05,2165434.81050174,0.7142101548505947,0.7127053207104341
523,523900,0.6408898243245909,0.6375772095165451,1.0,0.6408898243245909,58458687491.598114,5.999626985531827e-06,350730.3190133639,0.6408898243245909,0.8056640595132057
523,523A00,0.3591101756754092,0.3624227904834549,1.0,0.3591101756754092,32756191061.36609,2.582730259388314e-06,84600.4058364952,0.3591101756754092,0.1943359404867942
524,524113,0.14033965795346515,0.08805396819005822,1.0,0.14033965795346515,11805674080.137157,1.4511650663736354e-05,171319.81810087746,0.14033965795346515,0.07970612666963946
524,5241XX,0.6470446796274123,0.5640469623720081,1.0,0.6470446796274123,54430791084.73331,2.5624748100818998e-05,1394775.3104745955,0.6470446796274123,0.6489158043987231
524,524200,0.21261566241912255,0.3478990694379336,1.0,0.21261566241912255,17885687135.456287,3.261256950987274e-05,583298.2149369048,0.21261566241912255,0.2713780689316375
525,525000,1.0,1.0,1.0,1.0,24793173446.327682,0.00011375030035052635,2820230.9261624683,1.0,1.0
532RL,532100,0.09170804554547125,0.19712958449230064,0.0,0.19712958449230064,12019372535.164549,0.0022025336931682095,26473072.979440518,0.19712958449230064,0.4455132003000841
532RL,532400,0.5867228832198291,0.2675938405069825,0.0,0.2675938405069825,16315714688.144379,0.0015212932788514412,24820987.09473178,0.2675938405069825,0.41771038079972633
532RL,532A00,0.2755818508490685,0.08448369798984888,0.0,0.08448369798984888,5151134680.791591,0.0009412800638063659,4848660.381010693,0.08448369798984888,0.0815977127094352
532RL,533000,0.0459872203856311,0.450792877010868,0.0,0.450792877010868,27485714734.024918,0.00011929115918078102,3278802.771534105,0.450792877010868,0.055178706190754295
5411,541100,1.0,1.0,1.0,1.0,62066515188.78472,0.0032057056135738654,198966976.15565476,1.0,1.0
5412OP,541200,0.025491433808381543,0.12489323170958151,1.0,0.025491433808381543,8637373233.089184,3.8401620513260255e-05,331689.12912848266,0.025491433808381543,0.01005044133456914
5412OP,541300,0.20762184129647532,0.240709065237701,1.0,0.20762184129647532,70349410241.06812,0.0001102063842255029,7752954.135064682,0.20762184129647535,0.23492060444914245
5412OP,541400,0.03729260014522763,0.02634018325188724,1.0,0.03729260014522763,12636013678.476479,3.271177253138236e-05,413346.4051537587,0.03729260014522763,0.012524720984279498
5412OP,541610,0.5011301077911683,0.18395967089516427,1.0,0.5011301077911683,169800090958.68698,5.435797409378444e-05,9229988.945454549,0.5011301077911683,0.27967592021708715
5412OP,5416A0,0.037841487256582346,0.03890552763014081,1.0,0.037841487256582346,12821995482.373444,8.713666522686108e-05,1117265.9278878998,0.037841487256582346,0.03385403583426044
5412OP,541700,0.09513289406556315,0.18597452415748622,1.0,0.09513289406556315,32234291682.644814,0.00037575314495805006,12112136.475248903,0.09513289406556315,0.3670072558622507
5412OP,541800,0.056167111514916025,0.0944294076826566,1.0,0.056167111514916025,19031346342.682335,9.157814153857005e-05,1742855.3290397103,0.05616711151491602,0.052809886429439325
5412OP,541920,0.006523006992170861,0.009418911076304467,1.0,0.006523006992170861,2210218790.2394543,2.074674103528808e-05,45854.836872425665,0.006523006992170861,0.001389437601116054
5412OP,541940,0.012234328455351882,0.031033983081640515,1.0,0.012234328455351882,4145410647.334115,1.5594216698288626e-05,64644.43193792112,0.012234328455351882,0.0019587771010335254
5412OP,5419A0,0.020565188674162977,0.06433549527743736,1.0,0.020565188674162977,6968192198.323499,2.7511951271634657e-05,191708.56421166088,0.020565188674162977,0.005808920186821779
5415,541511,0.9132391712144651,0.32360077389917885,0.0,0.32360077389917885,43026307142.41698,0.0025944175285966273,111628205.44106887,0.32360077389917885,0.4407082715101655
5415,541512,0.051298477810236935,0.5721980291199523,0.0,0.5721980291199523,76080065725.89719,0.00170124060846501,129430497.30758329,0.5721980291199523,0.5109917383670517
5415,54151A,0.03546235097529804,0.1042011969808689,0.0,0.1042011969808689,13854703287.277071,0.0008830240941023655,12234036.8193049,0.1042011969808689,0.04829999012278271
55,550000,1.0,1.0,1.0,1.0,85170704276.12698,0.0028151696493420447,239769981.6912394,1.0,1.0
561,561100,0.11533268789285711,0.06927574917727797,0.0,0.06927574917727797,12896358863.401346,0.0016430581636157763,21189467.711430255,0.06927574917727797,0.03106484317253819
561,561200,0.0038290366226315683,0.0315657049439953,0.0,0.0315657049439953,5876264978.272168,0.004376110347033461,25715183.97332719,0.0315657049439953,0.03769977463159486
561,561300,0.13573132927115736,0.41148766874848336,0.0,0.41148766874848336,76602457671.94711,0.0002473438919963715,18947150.017066706,0.41148766874848336,0.02777749077336321
561,561400,0.06768787008075162,0.08549497426465892,0.0,0.08549497426465892,15915726386.62913,0.001224604538176643,19490470.761443775,0.08549497426465892,0.028574026766919846
561,561500,0.09016728655983727,0.06289938737542095,0.0,0.06289938737542095,11709336694.515093,0.0006342936626667101,7427158.059361687,0.06289938737542095,0.010888593497195991
561,561600,0.042137645982174454,0.07149167060466344,0.0,0.07149167060466344,13308874329.20358,0.001705242963945729,22694864.307912342,0.07149167060466344,0.033271831560309835
561,561700,0.05583823782548301,0.20857440259524632,0.0,0.20857440259524632,38828166819.30739,0.013548596501700693,526067165.13551897,0.2085744025952463,0.7712413641396552
561,561900,0.4892759057651076,0.059210442290253774,0.0,0.059210442290253774,11022603455.096003,0.003680889766668039,40572988.25990265,0.059210442290253774,0.05948207545842285
562,562000,1.0,1.0,1.0,1.0,19885968200.21073,0.02419699377186477,481180648.68799996,1.0,1.0
61,611100,0.6133271819824828,0.13456551477191028,1.0,0.6133271819824828,34169644094.356663,0.02378832727469717,812838676.5764797,0.6133271819824828,0.8264142863435412
61,611A00,0.32985700151157693,0.6556540567154074,1.0,0.32985700151157693,18376971826.440533,0.00849778701187141,156163592.50425318,0.32985700151157693,0.1587717557877589
61,611B00,0.05681581650594026,0.20978042851268222,1.0,0.05681581650594026,3165319075.9670277,0.004603203278903502,14570607.149267225,0.05681581650594027,0.014813957868699924
621,621100,0.18513681237449697,0.46129377600635624,1.0,0.185136812374497,33490369860.261234,6.82678243566463e-05,2286314.687259435,0.185136812374497,0.16951304640809775
621,621200,0.056392245289803744,0.12098096302084985,1.0,0.05639224528980375,10201089279.77989,2.7445903398491928e-05,279978.1109322305,0.05639224528980375,0.020758272155700544
621,621300,0.03538670552055335,0.09742766712610064,1.0,0.035386705520553355,6401286923.003822,0.00012207156395057395,781415.1059874338,0.035386705520553355,0.05793605572468854
621,621400,0.5527368327394218,0.15231355156136053,1.0,0.5527368327394219,99987467248.74782,5.39611137982075e-05,5395435.0986042265,0.5527368327394219,0.4000309517137768
621,621500,0.03205521765745191,0.051358998222568716,1.0,0.032055217657451916,5798636594.907281,4.637885042205772e-05,268934.0992870749,0.032055217657451916,0.019939441716929712
621,621600,0.054133989627181446,0.08415661538289376,1.0,0.05413398962718145,9792581558.326496,8.452625485049646e-05,827730.2444433771,0.05413398962718145,0.06136997506144033
621,621900,0.0841581967910908,0.032468428679870265,1.0,0.08415819679109081,15223818003.331543,0.00023960722222821914,3647736.743486224,0.08415819679109081,0.2704522572193663
622,622000,1.0,1.0,1.0,1.0,107457152636.7089,0.0033574845198229308,360785726.52199996,1.0,1.0
623,623A00,0.8928695223032469,0.7738099631374575,1.0,0.8928695223032469,28270823304.5077,0.010110244971941327,285824949.1670407,0.8928695223032469,0.8805126719023386
623,623B00,0.10713047769675312,0.2261900368625425,1.0,0.10713047769675312,3392059791.3115673,0.01143464998409439,38787016.43876803,0.10713047769675312,0.11948732809766135
624,624100,0.7446942740453598,0.5266447764119883,1.0,0.7446942740453598,42799524200.461685,0.004001348322446611,171255804.3610305,0.7446942740453598,0.5251317391849961
624,624400,0.15768406079750638,0.2363256450125416,1.0,0.15768406079750638,9062514660.504658,0.013452625824782063,121914618.75937101,0.15768406079750638,0.37383396154105697
624,624A00,0.09762166515713382,0.23702957857547013,1.0,0.09762166515713382,5610571970.273564,0.005872712331954983,32949275.199146528,0.09762166515713382,0.10103429927394701
711AS,711100,0.14583812345452693,0.1402168778830789,1.0,0.14583812345452693,9055489050.484255,0.011518366201661932,104304439.01861754,0.14583812345452693,0.073123974662093
711AS,711200,0.04509128791224477,0.25557520878767476,1.0,0.04509128791224477,2799841730.6081347,0.015240994624273897,42672372.76501631,0.04509128791224477,0.02991601828454758
711AS,711500,0.06065870467328467,0.23342512286061726,1.0,0.06065870467328467,3766465331.383396,0.002110331718655305,7948491.256033945,0.06065870467328467,0.005572392495245094
711AS,711A00,0.5554157066190611,0.2652633588937017,1.0,0.5554157066190611,34487284467.31644,0.014507720720529159,500331891.4612701,0.5554157066190611,0.3507641371554725
711AS,712000,0.19299617734088245,0.1055194315749274,1.0,0.19299617734088245,11983661948.589268,0.06434997084459329,771148297.0031815,0.19299617734088245,0.5406234774026418
713,713100,0.9231658152843432,0.15614739146296971,0.0,0.15614739146296971,4320513392.829993,0.00017280124626727387,746590.0987954707,0.15614739146296971,0.035741479345502175
713,713200,0.001804439800105214,0.23973263146922397,0.0,0.23973263146922397,6633271521.585368,0.0006869497739177409,4556724.372088058,0.239732631469224,0.21814389219853358
713,713900,0.07502974491555167,0.6041199770678063,0.0,0.6041199770678063,16715671183.124384,0.0009323767546259765,15585303.24911647,0.6041199770678063,0.7461146284559642
721,721000,1.0,1.0,1.0,1.0,36150894340.73096,0.017193442008895353,621558305.417061,1.0,1.0
722,722110,0.5171077984358795,0.45471603488556994,1.0,0.5171077984358795,86055068511.91553,0.01173528922263346,1009881118.0608662,0.5171077984358795,0.49818078658014353
722,722211,0.2704432369363068,0.4168299634264186,1.0,0.2704432369363068,45006111595.170425,0.014690206205566925,661149059.8438101,0.2704432369363068,0.3261490414952587
722,722A00,0.21244896462781365,0.12845400168801144,1.0,0.21244896462781365,35354930367.77127,0.010072361823283362,356107650.9011809,0.21244896462781362,0.17567017192459786
81,811100,0.07807638969024405,0.19434683308952047,1.0,0.07807638969024405,8900870011.209045,0.0024863055898031927,22130282.862980656,0.07807638969024405,0.03477594341360932
81,811200,0.016103536342971143,0.030274645671957194,1.0,0.016103536342971143,1835836470.9002054,0.0016171431143042559,2968810.3079048926,0.016103536342971143,0.004665244448643939
81,811300,0.014802092168968838,0.06079051796009745,1.0,0.014802092168968838,1687469141.6013288,0.015130289309930038,25531896.314007405,0.014802092168968838,0.04012130287513524
81,811400,0.02264455978071509,0.03518240823161141,1.0,0.02264455978071509,2581526680.0737157,0.0020137645815749778,5198586.994723287,0.02264455978071509,0.008169157542113446
81,812100,0.03825210245675948,0.11423702560528837,1.0,0.03825210245675948,4360818846.43816,0.0015960791312482011,6960211.955953801,0.03825210245675948,0.01093740819426543
81,812200,0.005892557841962384,0.03342469850199682,1.0,0.005892557841962384,671763789.1931287,0.00048674034181984407,326974.5363740571,0.005892557841962384,0.0005138139464840012
81,812300,0.01171301739977181,0.04147263911792878,1.0,0.01171301739977181,1335308224.7785575,0.007574561690675656,10114374.524651779,0.01171301739977181,0.01589391867745732
81,812900,0.06589557355958901,0.096946296748237,1.0,0.06589557355958901,7512231762.955791,0.002525931339056372,18975381.636304732,0.06589557355958901,0.029818272189354962
81,813100,0.06331225144254987,0.14167196847972216,1.0,0.06331225144254987,7217727695.182281,0.0035023672899608086,25279133.387450635,0.06331225144254987,0.039724106450425255
81,813A00,0.13588933354645308,0.08415846472660278,1.0,0.13588933354645308,15491665260.207893,0.0006059146217471989,9386626.496373087,0.13588933354645308,0.014750321715435622
81,813B00,0.5474185857700152,0.14113732001461465,1.0,0.5474185857700152,62406851712.65844,0.008164092314089396,509495298.4138315,0.5474185857700152,0.8006305105470755
81,814000,0.0,0.026357181852422917,1.0,0.0,0.0,0.0,0.0,0.0,0.0
GFE,491000,0.0,0.8833656367574962,0.0,0.8833656367574962,9752227795.657051,0.001731037363379248,16881470.690468,0.8833656367574962,0.27003148992955767
GFE,S00102,1.0,0.1166343632425037,0.0,0.1166343632425037,1287626359.7002017,0.0354413399552936,45635203.54953201,0.11663436324250369,0.7299685100704424
GFGD,S00500,0.0,1.0,0.0,1.0,62859758464.89068,0.0019471533303355472,122397588.03899999,1.0,1.0
GFGN,S00600,1.0,1.0,1.0,1.0,56160498439.1335,0.0018974575207606392,106562160.133,1.0,1.0
GSLE,S00203,1.0,1.0,1.0,1.0,38818488805.00848,0.0012781294946648857,49615055.480000004,1.0,1.0
GSLG,GSLGE,0.0,0.44954834842511443,0.0,0.44954834842511443,210855250228.66614,0.0001358636666113226,28647567.420314502,0.44954834842511443,0.3252883844307636
GSLG,GSLGH,0.0,0.1379244081370006,0.0,0.1379244081370006,64691786083.187935,8.426647203233884e-05,5451348.582701003,0.1379244081370006,0.061899160491312485
GSLG,GSLGO,1.0,0.41252724343788494,0.0,0.41252724343788494,193490945848.12332,0.0002789241578897784,53969299.12998451,0.4125272434378849,0.6128124550779239
HS,531HSO,0.5,0.763775469811908,1.0,0.5,258541626337.9567,0.01691537500319358,4373328563.442088,0.5,0.49481112795411974
HS,531HST,0.5,0.23622453018809195,1.0,0.5,258541626337.9567,0.01727014356655455,4465051004.787014,0.5,0.5051888720458801
ORE,531ORE,1.0,1.0,1.0,1.0,161228981167.18454,0.016740962659377134,2699128353.3292556,1.0,1.0
